,trajectory,next step rate,step name
0,..........+..........,3.850521e+07,f_nucleation10
1,.....(....+....).....,7.624032e+09,f_zipping_40
2,....(((...+...)))....,7.624032e+09,f_zipping_59
3,...(((((..+..)))))...,7.624032e+09,f_zipping_60
4,..(((((((.+.)))))))..,7.624032e+09,f_zipping_61
5,.(((((((((+))))))))).,7.624032e+09,f_zipping-end_62
6,((((((((((+)))))))))),4.066113e+09,b_zipping-end_54
7,(((((((((.+.))))))))),7.624032e+09,f_zipping_55
8,.(((((((..+..))))))).,8.499384e+06,b_zipping_55
9,(((((((((.+.))))))))),7.624032e+09,f_zipping-end_54
10,((((((((((+)))))))))),9.434605e+07,b_zipping-end_62
11,.(((((((((+))))))))).,7.624032e+09,f_zipping_63
12,..((((((((+))))))))..,4.060808e+08,b_zipping_66
13,...(((((((+)))))))...,7.624032e+09,f_zipping_67
14,....((((((+))))))....,4.497930e+07,b_zipping_69
15,.....(((((+))))).....,7.624032e+09,f_zipping_70
16,......((((+))))......,8.515323e+08,b_zipping_71
17,.......(((+))).......,7.624032e+09,f_zipping_71
18,......((((+))))......,8.515323e+08,b_zipping_71
19,.......(((+))).......,7.624032e+09,f_zipping_71
20,......((((+))))......,8.515323e+08,b_zipping_71
21,.......(((+))).......,7.624032e+09,f_zipping_72
22,........((+))........,7.628092e+08,b_zipping_44
23,.........(+).........,7.624032e+09,f_zipping_44
24,........((+))........,7.628092e+08,b_zipping_44
25,.........(+).........,7.624032e+09,f_zipping_44
26,........((+))........,7.628092e+08,b_zipping_44
27,.........(+).........,7.624032e+09,f_zipping_44
28,........((+))........,7.628092e+08,b_zipping_44
29,.........(+).........,7.624032e+09,f_zipping_44
30,........((+))........,7.628092e+08,b_zipping_44
31,.........(+).........,7.624032e+09,f_zipping_44
32,........((+))........,7.628092e+08,b_zipping_44
33,.........(+).........,7.624032e+09,f_zipping_44
34,........((+))........,7.628092e+08,b_zipping_44
35,.........(+).........,7.624032e+09,f_zipping_44
36,........((+))........,7.628092e+08,b_zipping_44
37,.........(+).........,7.624032e+09,f_zipping_44
38,........((+))........,7.628092e+08,b_zipping_44
39,.........(+).........,7.624032e+09,f_zipping_44
40,........((+))........,7.628092e+08,b_zipping_44
41,.........(+).........,7.624032e+09,f_zipping_44
42,........((+))........,7.628092e+08,b_zipping_44
43,.........(+).........,7.624032e+09,f_zipping_44
44,........((+))........,7.628092e+08,b_zipping_44
45,.........(+).........,7.624032e+09,f_zipping_44
46,........((+))........,7.628092e+08,b_zipping_44
47,.........(+).........,7.624032e+09,f_zipping_44
48,........((+))........,7.628092e+08,b_zipping_44
49,.........(+).........,7.624032e+09,f_zipping_44
50,........((+))........,7.628092e+08,b_zipping_44
51,.........(+).........,7.624032e+09,f_zipping_44
52,........((+))........,7.628092e+08,b_zipping_44
53,.........(+).........,7.624032e+09,f_zipping_44
54,........((+))........,7.628092e+08,b_zipping_44
55,.........(+).........,7.624032e+09,f_zipping_44
56,........((+))........,7.628092e+08,b_zipping_44
57,.........(+).........,7.624032e+09,f_zipping_44
58,........((+))........,7.628092e+08,b_zipping_44
59,.........(+).........,7.624032e+09,f_zipping_44
60,........((+))........,7.628092e+08,b_zipping_44
61,.........(+).........,7.624032e+09,f_zipping_44
62,........((+))........,7.628092e+08,b_zipping_44
63,.........(+).........,7.624032e+09,f_zipping_44
64,........((+))........,7.628092e+08,b_zipping_44
65,.........(+).........,7.624032e+09,f_zipping_44
66,........((+))........,7.628092e+08,b_zipping_44
67,.........(+).........,7.624032e+09,f_zipping_44
68,........((+))........,7.628092e+08,b_zipping_44
69,.........(+).........,7.624032e+09,f_zipping_44
70,........((+))........,7.628092e+08,b_zipping_44
71,.........(+).........,7.624032e+09,f_zipping_44
72,........((+))........,7.628092e+08,b_zipping_44
73,.........(+).........,7.624032e+09,f_zipping_44
74,........((+))........,7.628092e+08,b_zipping_44
75,.........(+).........,7.624032e+09,f_zipping_44
76,........((+))........,7.628092e+08,b_zipping_44
77,.........(+).........,7.624032e+09,f_zipping_44
78,........((+))........,7.628092e+08,b_zipping_44
79,.........(+).........,7.624032e+09,f_zipping_44
80,........((+))........,7.628092e+08,b_zipping_44
81,.........(+).........,7.624032e+09,f_zipping_44
82,........((+))........,7.628092e+08,b_zipping_44
83,.........(+).........,7.624032e+09,f_zipping_44
84,........((+))........,7.628092e+08,b_zipping_44
85,.........(+).........,7.624032e+09,f_zipping_44
86,........((+))........,7.628092e+08,b_zipping_44
87,.........(+).........,7.624032e+09,f_zipping_44
88,........((+))........,1.117329e+07,b_zipping_72
89,.......(((+))).......,7.624032e+09,f_zipping_72
90,........((+))........,7.628092e+08,b_zipping_44
91,.........(+).........,7.624032e+09,f_zipping_44
92,........((+))........,7.628092e+08,b_zipping_44
93,.........(+).........,7.624032e+09,f_zipping_44
94,........((+))........,7.628092e+08,b_zipping_44
95,.........(+).........,7.624032e+09,f_zipping_44
96,........((+))........,7.628092e+08,b_zipping_44
97,.........(+).........,7.624032e+09,f_zipping_44
98,........((+))........,7.628092e+08,b_zipping_44
99,.........(+).........,7.624032e+09,f_zipping_44
100,........((+))........,7.628092e+08,b_zipping_44
101,.........(+).........,7.624032e+09,f_zipping_44
102,........((+))........,7.628092e+08,b_zipping_44
103,.........(+).........,7.624032e+09,f_zipping_44
104,........((+))........,7.628092e+08,b_zipping_44
105,.........(+).........,7.624032e+09,f_zipping_44
106,........((+))........,7.628092e+08,b_zipping_44
107,.........(+).........,7.624032e+09,f_zipping_44
108,........((+))........,7.628092e+08,b_zipping_44
109,.........(+).........,7.624032e+09,f_zipping_44
110,........((+))........,7.628092e+08,b_zipping_44
111,.........(+).........,7.624032e+09,f_zipping_44
112,........((+))........,7.628092e+08,b_zipping_44
113,.........(+).........,7.624032e+09,f_zipping_44
114,........((+))........,7.628092e+08,b_zipping_44
115,.........(+).........,7.624032e+09,f_zipping_44
116,........((+))........,7.628092e+08,b_zipping_44
117,.........(+).........,7.624032e+09,f_zipping_44
118,........((+))........,7.628092e+08,b_zipping_44
119,.........(+).........,7.624032e+09,f_zipping_44
120,........((+))........,7.628092e+08,b_zipping_44
121,.........(+).........,7.624032e+09,f_zipping_44
122,........((+))........,7.628092e+08,b_zipping_44
123,.........(+).........,7.624032e+09,f_zipping_44
124,........((+))........,7.628092e+08,b_zipping_44
125,.........(+).........,7.624032e+09,f_zipping_44
126,........((+))........,7.628092e+08,b_zipping_44
127,.........(+).........,7.624032e+09,f_zipping_44
128,........((+))........,7.628092e+08,b_zipping_44
129,.........(+).........,7.624032e+09,f_zipping_44
130,........((+))........,7.628092e+08,b_zipping_44
131,.........(+).........,7.624032e+09,f_zipping_44
132,........((+))........,7.628092e+08,b_zipping_44
133,.........(+).........,7.624032e+09,f_zipping_44
134,........((+))........,7.628092e+08,b_zipping_44
135,.........(+).........,7.624032e+09,f_zipping_44
136,........((+))........,7.628092e+08,b_zipping_44
137,.........(+).........,7.624032e+09,f_zipping_44
138,........((+))........,7.628092e+08,b_zipping_44
139,.........(+).........,7.624032e+09,f_zipping_44
140,........((+))........,7.628092e+08,b_zipping_44
141,.........(+).........,7.624032e+09,f_zipping_44
142,........((+))........,7.628092e+08,b_zipping_44
143,.........(+).........,7.624032e+09,f_zipping_44
144,........((+))........,7.628092e+08,b_zipping_44
145,.........(+).........,7.624032e+09,f_zipping_44
146,........((+))........,7.628092e+08,b_zipping_44
147,.........(+).........,7.624032e+09,f_zipping_44
148,........((+))........,7.628092e+08,b_zipping_44
149,.........(+).........,7.624032e+09,f_zipping_44
150,........((+))........,7.628092e+08,b_zipping_44
151,.........(+).........,7.624032e+09,f_zipping_44
152,........((+))........,7.628092e+08,b_zipping_44
153,.........(+).........,7.624032e+09,f_zipping_44
154,........((+))........,7.628092e+08,b_zipping_44
155,.........(+).........,7.624032e+09,f_zipping_44
156,........((+))........,7.628092e+08,b_zipping_44
157,.........(+).........,7.624032e+09,f_zipping_44
158,........((+))........,1.117329e+07,b_zipping_72
159,.......(((+))).......,7.624032e+09,f_zipping_71
160,......((((+))))......,8.515323e+08,b_zipping_71
161,.......(((+))).......,7.624032e+09,f_zipping_71
162,......((((+))))......,8.515323e+08,b_zipping_71
163,.......(((+))).......,7.624032e+09,f_zipping_71
164,......((((+))))......,8.515323e+08,b_zipping_71
165,.......(((+))).......,7.624032e+09,f_zipping_71
166,......((((+))))......,8.515323e+08,b_zipping_71
167,.......(((+))).......,7.624032e+09,f_zipping_71
168,......((((+))))......,8.515323e+08,b_zipping_71
169,.......(((+))).......,7.624032e+09,f_zipping_71
170,......((((+))))......,8.515323e+08,b_zipping_71
171,.......(((+))).......,7.624032e+09,f_zipping_71
172,......((((+))))......,8.515323e+08,b_zipping_71
173,.......(((+))).......,7.624032e+09,f_zipping_71
174,......((((+))))......,8.515323e+08,b_zipping_71
175,.......(((+))).......,7.624032e+09,f_zipping_71
176,......((((+))))......,8.515323e+08,b_zipping_71
177,.......(((+))).......,7.624032e+09,f_zipping_71
178,......((((+))))......,8.515323e+08,b_zipping_71
179,.......(((+))).......,7.624032e+09,f_zipping_71
180,......((((+))))......,8.515323e+08,b_zipping_71
181,.......(((+))).......,7.624032e+09,f_zipping_71
182,......((((+))))......,8.515323e+08,b_zipping_71
183,.......(((+))).......,7.624032e+09,f_zipping_71
184,......((((+))))......,8.515323e+08,b_zipping_71
185,.......(((+))).......,7.624032e+09,f_zipping_72
186,........((+))........,7.628092e+08,b_zipping_44
187,.........(+).........,7.624032e+09,f_zipping_44
188,........((+))........,7.628092e+08,b_zipping_44
189,.........(+).........,7.624032e+09,f_zipping_44
190,........((+))........,7.628092e+08,b_zipping_44
191,.........(+).........,7.624032e+09,f_zipping_44
192,........((+))........,7.628092e+08,b_zipping_44
193,.........(+).........,7.624032e+09,f_zipping_44
194,........((+))........,7.628092e+08,b_zipping_44
195,.........(+).........,7.624032e+09,f_zipping_44
196,........((+))........,7.628092e+08,b_zipping_44
197,.........(+).........,7.624032e+09,f_zipping_44
198,........((+))........,7.628092e+08,b_zipping_44
199,.........(+).........,7.624032e+09,f_zipping_44
200,........((+))........,7.628092e+08,b_zipping_44
201,.........(+).........,7.624032e+09,f_zipping_44
202,........((+))........,7.628092e+08,b_zipping_44
203,.........(+).........,7.624032e+09,f_zipping_44
204,........((+))........,7.628092e+08,b_zipping_44
205,.........(+).........,7.624032e+09,f_zipping_44
206,........((+))........,7.628092e+08,b_zipping_44
207,.........(+).........,7.624032e+09,f_zipping_44
208,........((+))........,7.628092e+08,b_zipping_44
209,.........(+).........,7.624032e+09,f_zipping_44
210,........((+))........,7.628092e+08,b_zipping_44
211,.........(+).........,7.624032e+09,f_zipping_44
212,........((+))........,7.628092e+08,b_zipping_44
213,.........(+).........,7.624032e+09,f_zipping_44
214,........((+))........,7.628092e+08,b_zipping_44
215,.........(+).........,7.624032e+09,f_zipping_44
216,........((+))........,7.628092e+08,b_zipping_44
217,.........(+).........,7.624032e+09,f_zipping_44
218,........((+))........,7.628092e+08,b_zipping_44
219,.........(+).........,7.624032e+09,f_zipping_44
220,........((+))........,7.628092e+08,b_zipping_44
221,.........(+).........,7.624032e+09,f_zipping_44
222,........((+))........,7.628092e+08,b_zipping_44
223,.........(+).........,7.624032e+09,f_zipping_44
224,........((+))........,7.628092e+08,b_zipping_44
225,.........(+).........,7.624032e+09,f_zipping_44
226,........((+))........,7.628092e+08,b_zipping_44
227,.........(+).........,7.624032e+09,f_zipping_44
228,........((+))........,7.628092e+08,b_zipping_44
229,.........(+).........,7.624032e+09,f_zipping_44
230,........((+))........,7.628092e+08,b_zipping_44
231,.........(+).........,7.624032e+09,f_zipping_44
232,........((+))........,7.628092e+08,b_zipping_44
233,.........(+).........,7.624032e+09,f_zipping_44
234,........((+))........,7.628092e+08,b_zipping_44
235,.........(+).........,7.624032e+09,f_zipping_44
236,........((+))........,7.628092e+08,b_zipping_44
237,.........(+).........,7.624032e+09,f_zipping_44
238,........((+))........,7.628092e+08,b_zipping_44
239,.........(+).........,7.624032e+09,f_zipping_44
240,........((+))........,7.628092e+08,b_zipping_44
241,.........(+).........,7.624032e+09,f_zipping_44
242,........((+))........,7.628092e+08,b_zipping_44
243,.........(+).........,7.624032e+09,f_zipping_44
244,........((+))........,7.628092e+08,b_zipping_44
245,.........(+).........,7.624032e+09,f_zipping_44
246,........((+))........,7.628092e+08,b_zipping_44
247,.........(+).........,7.624032e+09,f_zipping_44
248,........((+))........,7.628092e+08,b_zipping_44
249,.........(+).........,7.624032e+09,f_zipping_44
250,........((+))........,7.628092e+08,b_zipping_44
251,.........(+).........,7.624032e+09,f_zipping_44
252,........((+))........,7.628092e+08,b_zipping_44
253,.........(+).........,7.624032e+09,f_zipping_44
254,........((+))........,7.628092e+08,b_zipping_44
255,.........(+).........,7.624032e+09,f_zipping_44
256,........((+))........,7.628092e+08,b_zipping_44
257,.........(+).........,7.624032e+09,f_zipping_44
258,........((+))........,7.628092e+08,b_zipping_44
259,.........(+).........,7.624032e+09,f_zipping_44
260,........((+))........,7.628092e+08,b_zipping_44
261,.........(+).........,7.624032e+09,f_zipping_44
262,........((+))........,7.628092e+08,b_zipping_44
263,.........(+).........,7.624032e+09,f_zipping_44
264,........((+))........,7.628092e+08,b_zipping_44
265,.........(+).........,7.624032e+09,f_zipping_44
266,........((+))........,7.628092e+08,b_zipping_44
267,.........(+).........,7.624032e+09,f_zipping_44
268,........((+))........,7.628092e+08,b_zipping_44
269,.........(+).........,7.624032e+09,f_zipping_44
270,........((+))........,7.628092e+08,b_zipping_44
271,.........(+).........,7.624032e+09,f_zipping_44
272,........((+))........,7.628092e+08,b_zipping_44
273,.........(+).........,7.624032e+09,f_zipping_44
274,........((+))........,7.628092e+08,b_zipping_44
275,.........(+).........,7.624032e+09,f_zipping_44
276,........((+))........,7.628092e+08,b_zipping_44
277,.........(+).........,7.624032e+09,f_zipping_44
278,........((+))........,7.628092e+08,b_zipping_44
279,.........(+).........,7.624032e+09,f_zipping_44
280,........((+))........,7.628092e+08,b_zipping_44
281,.........(+).........,7.624032e+09,f_zipping_44
282,........((+))........,7.628092e+08,b_zipping_44
283,.........(+).........,7.624032e+09,f_zipping_44
284,........((+))........,7.628092e+08,b_zipping_44
285,.........(+).........,7.624032e+09,f_zipping_44
286,........((+))........,7.628092e+08,b_zipping_44
287,.........(+).........,7.624032e+09,f_zipping_44
288,........((+))........,7.628092e+08,b_zipping_44
289,.........(+).........,7.624032e+09,f_zipping_44
290,........((+))........,7.628092e+08,b_zipping_44
291,.........(+).........,7.624032e+09,f_zipping_44
292,........((+))........,7.628092e+08,b_zipping_44
293,.........(+).........,7.624032e+09,f_zipping_44
294,........((+))........,7.628092e+08,b_zipping_44
295,.........(+).........,7.624032e+09,f_zipping_44
296,........((+))........,7.628092e+08,b_zipping_44
297,.........(+).........,7.624032e+09,f_zipping_44
298,........((+))........,7.628092e+08,b_zipping_44
299,.........(+).........,7.624032e+09,f_zipping_44
300,........((+))........,7.628092e+08,b_zipping_44
301,.........(+).........,7.624032e+09,f_zipping_44
302,........((+))........,7.628092e+08,b_zipping_44
303,.........(+).........,7.624032e+09,f_zipping_44
304,........((+))........,7.628092e+08,b_zipping_44
305,.........(+).........,7.624032e+09,f_zipping_44
306,........((+))........,7.628092e+08,b_zipping_44
307,.........(+).........,7.624032e+09,f_zipping_44
308,........((+))........,7.628092e+08,b_zipping_44
309,.........(+).........,7.624032e+09,f_zipping_44
310,........((+))........,7.628092e+08,b_zipping_44
311,.........(+).........,7.624032e+09,f_zipping_44
312,........((+))........,7.628092e+08,b_zipping_44
313,.........(+).........,7.624032e+09,f_zipping_44
314,........((+))........,7.628092e+08,b_zipping_44
315,.........(+).........,7.624032e+09,f_zipping_44
316,........((+))........,7.628092e+08,b_zipping_44
317,.........(+).........,7.624032e+09,f_zipping_44
318,........((+))........,7.628092e+08,b_zipping_44
319,.........(+).........,7.624032e+09,f_zipping_44
320,........((+))........,7.628092e+08,b_zipping_44
321,.........(+).........,7.624032e+09,f_zipping_44
322,........((+))........,7.628092e+08,b_zipping_44
323,.........(+).........,7.624032e+09,f_zipping_44
324,........((+))........,7.628092e+08,b_zipping_44
325,.........(+).........,7.624032e+09,f_zipping_44
326,........((+))........,7.628092e+08,b_zipping_44
327,.........(+).........,7.624032e+09,f_zipping_44
328,........((+))........,7.628092e+08,b_zipping_44
329,.........(+).........,7.624032e+09,f_zipping_44
330,........((+))........,7.628092e+08,b_zipping_44
331,.........(+).........,7.624032e+09,f_zipping_44
332,........((+))........,7.628092e+08,b_zipping_44
333,.........(+).........,7.624032e+09,f_zipping_44
334,........((+))........,7.628092e+08,b_zipping_44
335,.........(+).........,7.624032e+09,f_zipping_44
336,........((+))........,7.628092e+08,b_zipping_44
337,.........(+).........,7.624032e+09,f_zipping_44
338,........((+))........,7.628092e+08,b_zipping_44
339,.........(+).........,7.624032e+09,f_zipping_44
340,........((+))........,7.628092e+08,b_zipping_44
341,.........(+).........,7.624032e+09,f_zipping_44
342,........((+))........,7.628092e+08,b_zipping_44
343,.........(+).........,7.624032e+09,f_zipping_44
344,........((+))........,7.628092e+08,b_zipping_44
345,.........(+).........,7.624032e+09,f_zipping_44
346,........((+))........,7.628092e+08,b_zipping_44
347,.........(+).........,7.624032e+09,f_zipping_44
348,........((+))........,7.628092e+08,b_zipping_44
349,.........(+).........,7.624032e+09,f_zipping_44
350,........((+))........,7.628092e+08,b_zipping_44
351,.........(+).........,7.624032e+09,f_zipping_44
352,........((+))........,7.628092e+08,b_zipping_44
353,.........(+).........,7.624032e+09,f_zipping_44
354,........((+))........,7.628092e+08,b_zipping_44
355,.........(+).........,7.624032e+09,f_zipping_44
356,........((+))........,7.628092e+08,b_zipping_44
357,.........(+).........,7.624032e+09,f_zipping_44
358,........((+))........,7.628092e+08,b_zipping_44
359,.........(+).........,7.624032e+09,f_zipping_44
360,........((+))........,7.628092e+08,b_zipping_44
361,.........(+).........,7.624032e+09,f_zipping_44
362,........((+))........,7.628092e+08,b_zipping_44
363,.........(+).........,7.624032e+09,f_zipping_44
364,........((+))........,7.628092e+08,b_zipping_44
365,.........(+).........,7.624032e+09,f_zipping_44
366,........((+))........,7.628092e+08,b_zipping_44
367,.........(+).........,7.624032e+09,f_zipping_44
368,........((+))........,7.628092e+08,b_zipping_44
369,.........(+).........,7.624032e+09,f_zipping_44
370,........((+))........,7.628092e+08,b_zipping_44
371,.........(+).........,7.624032e+09,f_zipping_44
372,........((+))........,7.628092e+08,b_zipping_44
373,.........(+).........,7.624032e+09,f_zipping_44
374,........((+))........,7.628092e+08,b_zipping_44
375,.........(+).........,7.624032e+09,f_zipping_44
376,........((+))........,7.628092e+08,b_zipping_44
377,.........(+).........,7.624032e+09,f_zipping_44
378,........((+))........,7.628092e+08,b_zipping_44
379,.........(+).........,7.624032e+09,f_zipping_44
380,........((+))........,7.628092e+08,b_zipping_44
381,.........(+).........,7.624032e+09,f_zipping_44
382,........((+))........,7.628092e+08,b_zipping_44
383,.........(+).........,7.624032e+09,f_zipping_44
384,........((+))........,7.628092e+08,b_zipping_44
385,.........(+).........,7.624032e+09,f_zipping_44
386,........((+))........,7.628092e+08,b_zipping_44
387,.........(+).........,7.624032e+09,f_zipping_44
388,........((+))........,7.628092e+08,b_zipping_44
389,.........(+).........,7.624032e+09,f_zipping_44
390,........((+))........,7.628092e+08,b_zipping_44
391,.........(+).........,7.624032e+09,f_zipping_44
392,........((+))........,7.628092e+08,b_zipping_44
393,.........(+).........,7.624032e+09,f_zipping_44
394,........((+))........,7.628092e+08,b_zipping_44
395,.........(+).........,7.624032e+09,f_zipping_44
396,........((+))........,7.628092e+08,b_zipping_44
397,.........(+).........,7.624032e+09,f_zipping_44
398,........((+))........,7.628092e+08,b_zipping_44
399,.........(+).........,7.624032e+09,f_zipping_44
400,........((+))........,7.628092e+08,b_zipping_44
401,.........(+).........,7.624032e+09,f_zipping_44
402,........((+))........,7.628092e+08,b_zipping_44
403,.........(+).........,7.624032e+09,f_zipping_44
404,........((+))........,7.628092e+08,b_zipping_44
405,.........(+).........,7.624032e+09,f_zipping_44
406,........((+))........,7.628092e+08,b_zipping_44
407,.........(+).........,7.624032e+09,f_zipping_44
408,........((+))........,1.117329e+07,b_zipping_72
409,.......(((+))).......,7.624032e+09,f_zipping_71
410,......((((+))))......,8.515323e+08,b_zipping_71
411,.......(((+))).......,7.624032e+09,f_zipping_72
412,........((+))........,7.628092e+08,b_zipping_44
413,.........(+).........,7.624032e+09,f_zipping_44
414,........((+))........,7.628092e+08,b_zipping_44
415,.........(+).........,7.624032e+09,f_zipping_44
416,........((+))........,7.628092e+08,b_zipping_44
417,.........(+).........,7.624032e+09,f_zipping_44
418,........((+))........,7.628092e+08,b_zipping_44
419,.........(+).........,7.624032e+09,f_zipping_44
420,........((+))........,7.628092e+08,b_zipping_44
421,.........(+).........,7.624032e+09,f_zipping_44
422,........((+))........,7.628092e+08,b_zipping_44
423,.........(+).........,7.624032e+09,f_zipping_44
424,........((+))........,7.628092e+08,b_zipping_44
425,.........(+).........,7.624032e+09,f_zipping_44
426,........((+))........,7.628092e+08,b_zipping_44
427,.........(+).........,7.624032e+09,f_zipping_44
428,........((+))........,7.628092e+08,b_zipping_44
429,.........(+).........,7.624032e+09,f_zipping_44
430,........((+))........,7.628092e+08,b_zipping_44
431,.........(+).........,7.624032e+09,f_zipping_44
432,........((+))........,7.628092e+08,b_zipping_44
433,.........(+).........,7.624032e+09,f_zipping_44
434,........((+))........,7.628092e+08,b_zipping_44
435,.........(+).........,7.624032e+09,f_zipping_44
436,........((+))........,7.628092e+08,b_zipping_44
437,.........(+).........,7.624032e+09,f_zipping_44
438,........((+))........,7.628092e+08,b_zipping_44
439,.........(+).........,7.624032e+09,f_zipping_44
440,........((+))........,7.628092e+08,b_zipping_44
441,.........(+).........,7.624032e+09,f_zipping_44
442,........((+))........,7.628092e+08,b_zipping_44
443,.........(+).........,7.624032e+09,f_zipping_44
444,........((+))........,7.628092e+08,b_zipping_44
445,.........(+).........,7.624032e+09,f_zipping_44
446,........((+))........,7.628092e+08,b_zipping_44
447,.........(+).........,7.624032e+09,f_zipping_44
448,........((+))........,7.628092e+08,b_zipping_44
449,.........(+).........,7.624032e+09,f_zipping_44
450,........((+))........,7.628092e+08,b_zipping_44
451,.........(+).........,7.624032e+09,f_zipping_44
452,........((+))........,7.628092e+08,b_zipping_44
453,.........(+).........,7.624032e+09,f_zipping_44
454,........((+))........,7.628092e+08,b_zipping_44
455,.........(+).........,7.624032e+09,f_zipping_44
456,........((+))........,7.628092e+08,b_zipping_44
457,.........(+).........,7.624032e+09,f_zipping_44
458,........((+))........,7.628092e+08,b_zipping_44
459,.........(+).........,7.624032e+09,f_zipping_44
460,........((+))........,7.628092e+08,b_zipping_44
461,.........(+).........,7.624032e+09,f_zipping_44
462,........((+))........,7.628092e+08,b_zipping_44
463,.........(+).........,7.624032e+09,f_zipping_44
464,........((+))........,7.628092e+08,b_zipping_44
465,.........(+).........,7.624032e+09,f_zipping_44
466,........((+))........,7.628092e+08,b_zipping_44
467,.........(+).........,7.624032e+09,f_zipping_44
468,........((+))........,7.628092e+08,b_zipping_44
469,.........(+).........,7.624032e+09,f_zipping_44
470,........((+))........,7.628092e+08,b_zipping_44
471,.........(+).........,7.624032e+09,f_zipping_44
472,........((+))........,7.628092e+08,b_zipping_44
473,.........(+).........,7.624032e+09,f_zipping_44
474,........((+))........,7.628092e+08,b_zipping_44
475,.........(+).........,7.624032e+09,f_zipping_44
476,........((+))........,7.628092e+08,b_zipping_44
477,.........(+).........,7.624032e+09,f_zipping_44
478,........((+))........,7.628092e+08,b_zipping_44
479,.........(+).........,7.624032e+09,f_zipping_44
480,........((+))........,7.628092e+08,b_zipping_44
481,.........(+).........,7.624032e+09,f_zipping_44
482,........((+))........,7.628092e+08,b_zipping_44
483,.........(+).........,7.624032e+09,f_zipping_44
484,........((+))........,7.628092e+08,b_zipping_44
485,.........(+).........,7.624032e+09,f_zipping_44
486,........((+))........,7.628092e+08,b_zipping_44
487,.........(+).........,7.624032e+09,f_zipping_44
488,........((+))........,7.628092e+08,b_zipping_44
489,.........(+).........,7.624032e+09,f_zipping_44
490,........((+))........,7.628092e+08,b_zipping_44
491,.........(+).........,7.624032e+09,f_zipping_44
492,........((+))........,7.628092e+08,b_zipping_44
493,.........(+).........,7.624032e+09,f_zipping_44
494,........((+))........,7.628092e+08,b_zipping_44
495,.........(+).........,7.624032e+09,f_zipping_44
496,........((+))........,7.628092e+08,b_zipping_44
497,.........(+).........,7.624032e+09,f_zipping_44
498,........((+))........,7.628092e+08,b_zipping_44
499,.........(+).........,7.624032e+09,f_zipping_44
500,........((+))........,7.628092e+08,b_zipping_44
501,.........(+).........,7.624032e+09,f_zipping_44
502,........((+))........,7.628092e+08,b_zipping_44
503,.........(+).........,7.624032e+09,f_zipping_44
504,........((+))........,7.628092e+08,b_zipping_44
505,.........(+).........,7.624032e+09,f_zipping_44
506,........((+))........,7.628092e+08,b_zipping_44
507,.........(+).........,7.624032e+09,f_zipping_44
508,........((+))........,7.628092e+08,b_zipping_44
509,.........(+).........,7.624032e+09,f_zipping_44
510,........((+))........,7.628092e+08,b_zipping_44
511,.........(+).........,7.624032e+09,f_zipping_44
512,........((+))........,7.628092e+08,b_zipping_44
513,.........(+).........,7.624032e+09,f_zipping_44
514,........((+))........,7.628092e+08,b_zipping_44
515,.........(+).........,7.624032e+09,f_zipping_44
516,........((+))........,7.628092e+08,b_zipping_44
517,.........(+).........,7.624032e+09,f_zipping_44
518,........((+))........,7.628092e+08,b_zipping_44
519,.........(+).........,7.624032e+09,f_zipping_44
520,........((+))........,7.628092e+08,b_zipping_44
521,.........(+).........,7.624032e+09,f_zipping_44
522,........((+))........,7.628092e+08,b_zipping_44
523,.........(+).........,7.624032e+09,f_zipping_44
524,........((+))........,7.628092e+08,b_zipping_44
525,.........(+).........,7.624032e+09,f_zipping_44
526,........((+))........,7.628092e+08,b_zipping_44
527,.........(+).........,7.624032e+09,f_zipping_44
528,........((+))........,7.628092e+08,b_zipping_44
529,.........(+).........,7.624032e+09,f_zipping_44
530,........((+))........,7.628092e+08,b_zipping_44
531,.........(+).........,7.624032e+09,f_zipping_44
532,........((+))........,7.628092e+08,b_zipping_44
533,.........(+).........,7.624032e+09,f_zipping_44
534,........((+))........,7.628092e+08,b_zipping_44
535,.........(+).........,7.624032e+09,f_zipping_44
536,........((+))........,7.628092e+08,b_zipping_44
537,.........(+).........,7.624032e+09,f_zipping_44
538,........((+))........,7.628092e+08,b_zipping_44
539,.........(+).........,7.624032e+09,f_zipping_44
540,........((+))........,7.628092e+08,b_zipping_44
541,.........(+).........,7.624032e+09,f_zipping_44
542,........((+))........,7.628092e+08,b_zipping_44
543,.........(+).........,7.624032e+09,f_zipping_44
544,........((+))........,7.628092e+08,b_zipping_44
545,.........(+).........,7.624032e+09,f_zipping_44
546,........((+))........,7.628092e+08,b_zipping_44
547,.........(+).........,7.624032e+09,f_zipping_44
548,........((+))........,7.628092e+08,b_zipping_44
549,.........(+).........,7.624032e+09,f_zipping_44
550,........((+))........,7.628092e+08,b_zipping_44
551,.........(+).........,7.624032e+09,f_zipping_44
552,........((+))........,7.628092e+08,b_zipping_44
553,.........(+).........,7.624032e+09,f_zipping_44
554,........((+))........,7.628092e+08,b_zipping_44
555,.........(+).........,7.624032e+09,f_zipping_44
556,........((+))........,7.628092e+08,b_zipping_44
557,.........(+).........,7.624032e+09,f_zipping_44
558,........((+))........,7.628092e+08,b_zipping_44
559,.........(+).........,7.624032e+09,f_zipping_44
560,........((+))........,7.628092e+08,b_zipping_44
561,.........(+).........,7.624032e+09,f_zipping_44
562,........((+))........,7.628092e+08,b_zipping_44
563,.........(+).........,7.624032e+09,f_zipping_44
564,........((+))........,7.628092e+08,b_zipping_44
565,.........(+).........,7.624032e+09,f_zipping_44
566,........((+))........,7.628092e+08,b_zipping_44
567,.........(+).........,7.624032e+09,f_zipping_44
568,........((+))........,7.628092e+08,b_zipping_44
569,.........(+).........,7.624032e+09,f_zipping_44
570,........((+))........,7.628092e+08,b_zipping_44
571,.........(+).........,7.624032e+09,f_zipping_44
572,........((+))........,7.628092e+08,b_zipping_44
573,.........(+).........,7.624032e+09,f_zipping_44
574,........((+))........,7.628092e+08,b_zipping_44
575,.........(+).........,7.624032e+09,f_zipping_44
576,........((+))........,7.628092e+08,b_zipping_44
577,.........(+).........,7.624032e+09,f_zipping_44
578,........((+))........,7.628092e+08,b_zipping_44
579,.........(+).........,7.624032e+09,f_zipping_44
580,........((+))........,7.628092e+08,b_zipping_44
581,.........(+).........,7.624032e+09,f_zipping_44
582,........((+))........,7.628092e+08,b_zipping_44
583,.........(+).........,7.624032e+09,f_zipping_44
584,........((+))........,7.628092e+08,b_zipping_44
585,.........(+).........,7.624032e+09,f_zipping_44
586,........((+))........,7.628092e+08,b_zipping_44
587,.........(+).........,7.624032e+09,f_zipping_44
588,........((+))........,7.628092e+08,b_zipping_44
589,.........(+).........,7.624032e+09,f_zipping_44
590,........((+))........,7.628092e+08,b_zipping_44
591,.........(+).........,7.624032e+09,f_zipping_44
592,........((+))........,7.628092e+08,b_zipping_44
593,.........(+).........,7.624032e+09,f_zipping_44
594,........((+))........,7.628092e+08,b_zipping_44
595,.........(+).........,7.624032e+09,f_zipping_44
596,........((+))........,1.117329e+07,b_zipping_72
597,.......(((+))).......,7.624032e+09,f_zipping_71
598,......((((+))))......,8.515323e+08,b_zipping_71
599,.......(((+))).......,7.624032e+09,f_zipping_71
600,......((((+))))......,8.515323e+08,b_zipping_71
601,.......(((+))).......,7.624032e+09,f_zipping_72
602,........((+))........,7.628092e+08,b_zipping_44
603,.........(+).........,7.624032e+09,f_zipping_44
604,........((+))........,7.628092e+08,b_zipping_44
605,.........(+).........,7.624032e+09,f_zipping_44
606,........((+))........,7.628092e+08,b_zipping_44
607,.........(+).........,7.624032e+09,f_zipping_44
608,........((+))........,7.628092e+08,b_zipping_44
609,.........(+).........,7.624032e+09,f_zipping_44
610,........((+))........,7.628092e+08,b_zipping_44
611,.........(+).........,7.624032e+09,f_zipping_44
612,........((+))........,7.628092e+08,b_zipping_44
613,.........(+).........,7.624032e+09,f_zipping_44
614,........((+))........,7.628092e+08,b_zipping_44
615,.........(+).........,7.624032e+09,f_zipping_44
616,........((+))........,7.628092e+08,b_zipping_44
617,.........(+).........,7.624032e+09,f_zipping_44
618,........((+))........,7.628092e+08,b_zipping_44
619,.........(+).........,7.624032e+09,f_zipping_44
620,........((+))........,7.628092e+08,b_zipping_44
621,.........(+).........,7.624032e+09,f_zipping_44
622,........((+))........,7.628092e+08,b_zipping_44
623,.........(+).........,7.624032e+09,f_zipping_44
624,........((+))........,7.628092e+08,b_zipping_44
625,.........(+).........,7.624032e+09,f_zipping_44
626,........((+))........,7.628092e+08,b_zipping_44
627,.........(+).........,7.624032e+09,f_zipping_44
628,........((+))........,7.628092e+08,b_zipping_44
629,.........(+).........,7.624032e+09,f_zipping_44
630,........((+))........,7.628092e+08,b_zipping_44
631,.........(+).........,7.624032e+09,f_zipping_44
632,........((+))........,7.628092e+08,b_zipping_44
633,.........(+).........,7.624032e+09,f_zipping_44
634,........((+))........,7.628092e+08,b_zipping_44
635,.........(+).........,7.624032e+09,f_zipping_44
636,........((+))........,7.628092e+08,b_zipping_44
637,.........(+).........,7.624032e+09,f_zipping_44
638,........((+))........,7.628092e+08,b_zipping_44
639,.........(+).........,7.624032e+09,f_zipping_44
640,........((+))........,7.628092e+08,b_zipping_44
641,.........(+).........,7.624032e+09,f_zipping_44
642,........((+))........,7.628092e+08,b_zipping_44
643,.........(+).........,7.624032e+09,f_zipping_44
644,........((+))........,7.628092e+08,b_zipping_44
645,.........(+).........,7.624032e+09,f_zipping_44
646,........((+))........,7.628092e+08,b_zipping_44
647,.........(+).........,7.624032e+09,f_zipping_44
648,........((+))........,7.628092e+08,b_zipping_44
649,.........(+).........,7.624032e+09,f_zipping_44
650,........((+))........,7.628092e+08,b_zipping_44
651,.........(+).........,7.624032e+09,f_zipping_44
652,........((+))........,7.628092e+08,b_zipping_44
653,.........(+).........,7.624032e+09,f_zipping_44
654,........((+))........,7.628092e+08,b_zipping_44
655,.........(+).........,7.624032e+09,f_zipping_44
656,........((+))........,7.628092e+08,b_zipping_44
657,.........(+).........,7.624032e+09,f_zipping_44
658,........((+))........,7.628092e+08,b_zipping_44
659,.........(+).........,7.624032e+09,f_zipping_44
660,........((+))........,7.628092e+08,b_zipping_44
661,.........(+).........,7.624032e+09,f_zipping_44
662,........((+))........,7.628092e+08,b_zipping_44
663,.........(+).........,7.624032e+09,f_zipping_44
664,........((+))........,7.628092e+08,b_zipping_44
665,.........(+).........,7.624032e+09,f_zipping_44
666,........((+))........,7.628092e+08,b_zipping_44
667,.........(+).........,7.624032e+09,f_zipping_44
668,........((+))........,7.628092e+08,b_zipping_44
669,.........(+).........,7.624032e+09,f_zipping_44
670,........((+))........,7.628092e+08,b_zipping_44
671,.........(+).........,7.624032e+09,f_zipping_44
672,........((+))........,7.628092e+08,b_zipping_44
673,.........(+).........,7.624032e+09,f_zipping_44
674,........((+))........,7.628092e+08,b_zipping_44
675,.........(+).........,7.624032e+09,f_zipping_44
676,........((+))........,7.628092e+08,b_zipping_44
677,.........(+).........,7.624032e+09,f_zipping_44
678,........((+))........,7.628092e+08,b_zipping_44
679,.........(+).........,7.624032e+09,f_zipping_44
680,........((+))........,7.628092e+08,b_zipping_44
681,.........(+).........,7.624032e+09,f_zipping_44
682,........((+))........,7.628092e+08,b_zipping_44
683,.........(+).........,7.624032e+09,f_zipping_44
684,........((+))........,7.628092e+08,b_zipping_44
685,.........(+).........,7.624032e+09,f_zipping_44
686,........((+))........,7.628092e+08,b_zipping_44
687,.........(+).........,7.624032e+09,f_zipping_44
688,........((+))........,7.628092e+08,b_zipping_44
689,.........(+).........,7.624032e+09,f_zipping_44
690,........((+))........,7.628092e+08,b_zipping_44
691,.........(+).........,7.624032e+09,f_zipping_44
692,........((+))........,7.628092e+08,b_zipping_44
693,.........(+).........,7.624032e+09,f_zipping_44
694,........((+))........,7.628092e+08,b_zipping_44
695,.........(+).........,7.624032e+09,f_zipping_44
696,........((+))........,7.628092e+08,b_zipping_44
697,.........(+).........,7.624032e+09,f_zipping_44
698,........((+))........,7.628092e+08,b_zipping_44
699,.........(+).........,7.624032e+09,f_zipping_44
700,........((+))........,7.628092e+08,b_zipping_44
701,.........(+).........,7.624032e+09,f_zipping_44
702,........((+))........,7.628092e+08,b_zipping_44
703,.........(+).........,7.624032e+09,f_zipping_44
704,........((+))........,7.628092e+08,b_zipping_44
705,.........(+).........,7.624032e+09,f_zipping_44
706,........((+))........,7.628092e+08,b_zipping_44
707,.........(+).........,7.624032e+09,f_zipping_44
708,........((+))........,7.628092e+08,b_zipping_44
709,.........(+).........,7.624032e+09,f_zipping_44
710,........((+))........,7.628092e+08,b_zipping_44
711,.........(+).........,7.624032e+09,f_zipping_44
712,........((+))........,7.628092e+08,b_zipping_44
713,.........(+).........,7.624032e+09,f_zipping_44
714,........((+))........,7.628092e+08,b_zipping_44
715,.........(+).........,7.624032e+09,f_zipping_44
716,........((+))........,7.628092e+08,b_zipping_44
717,.........(+).........,7.624032e+09,f_zipping_44
718,........((+))........,7.628092e+08,b_zipping_44
719,.........(+).........,7.624032e+09,f_zipping_44
720,........((+))........,7.628092e+08,b_zipping_44
721,.........(+).........,7.624032e+09,f_zipping_44
722,........((+))........,7.628092e+08,b_zipping_44
723,.........(+).........,7.624032e+09,f_zipping_44
724,........((+))........,7.628092e+08,b_zipping_44
725,.........(+).........,7.624032e+09,f_zipping_44
726,........((+))........,7.628092e+08,b_zipping_44
727,.........(+).........,7.624032e+09,f_zipping_44
728,........((+))........,7.628092e+08,b_zipping_44
729,.........(+).........,7.624032e+09,f_zipping_44
730,........((+))........,7.628092e+08,b_zipping_44
731,.........(+).........,7.624032e+09,f_zipping_44
732,........((+))........,7.628092e+08,b_zipping_44
733,.........(+).........,7.624032e+09,f_zipping_44
734,........((+))........,7.628092e+08,b_zipping_44
735,.........(+).........,7.624032e+09,f_zipping_44
736,........((+))........,7.628092e+08,b_zipping_44
737,.........(+).........,7.624032e+09,f_zipping_44
738,........((+))........,7.628092e+08,b_zipping_44
739,.........(+).........,7.624032e+09,f_zipping_44
740,........((+))........,7.628092e+08,b_zipping_44
741,.........(+).........,7.624032e+09,f_zipping_44
742,........((+))........,7.628092e+08,b_zipping_44
743,.........(+).........,7.624032e+09,f_zipping_44
744,........((+))........,7.628092e+08,b_zipping_44
745,.........(+).........,7.624032e+09,f_zipping_44
746,........((+))........,7.628092e+08,b_zipping_44
747,.........(+).........,7.624032e+09,f_zipping_44
748,........((+))........,7.628092e+08,b_zipping_44
749,.........(+).........,7.624032e+09,f_zipping_44
750,........((+))........,7.628092e+08,b_zipping_44
751,.........(+).........,7.624032e+09,f_zipping_44
752,........((+))........,7.628092e+08,b_zipping_44
753,.........(+).........,7.624032e+09,f_zipping_44
754,........((+))........,7.628092e+08,b_zipping_44
755,.........(+).........,7.624032e+09,f_zipping_44
756,........((+))........,7.628092e+08,b_zipping_44
757,.........(+).........,7.624032e+09,f_zipping_44
758,........((+))........,7.628092e+08,b_zipping_44
759,.........(+).........,7.624032e+09,f_zipping_44
760,........((+))........,7.628092e+08,b_zipping_44
761,.........(+).........,7.624032e+09,f_zipping_44
762,........((+))........,7.628092e+08,b_zipping_44
763,.........(+).........,7.624032e+09,f_zipping_44
764,........((+))........,7.628092e+08,b_zipping_44
765,.........(+).........,7.624032e+09,f_zipping_44
766,........((+))........,7.628092e+08,b_zipping_44
767,.........(+).........,7.624032e+09,f_zipping_44
768,........((+))........,7.628092e+08,b_zipping_44
769,.........(+).........,7.624032e+09,f_zipping_44
770,........((+))........,7.628092e+08,b_zipping_44
771,.........(+).........,7.624032e+09,f_zipping_44
772,........((+))........,7.628092e+08,b_zipping_44
773,.........(+).........,7.624032e+09,f_zipping_44
774,........((+))........,7.628092e+08,b_zipping_44
775,.........(+).........,7.624032e+09,f_zipping_44
776,........((+))........,7.628092e+08,b_zipping_44
777,.........(+).........,7.624032e+09,f_zipping_44
778,........((+))........,7.628092e+08,b_zipping_44
779,.........(+).........,7.624032e+09,f_zipping_44
780,........((+))........,7.628092e+08,b_zipping_44
781,.........(+).........,7.624032e+09,f_zipping_44
782,........((+))........,7.628092e+08,b_zipping_44
783,.........(+).........,7.624032e+09,f_zipping_44
784,........((+))........,7.628092e+08,b_zipping_44
785,.........(+).........,7.624032e+09,f_zipping_44
786,........((+))........,7.628092e+08,b_zipping_44
787,.........(+).........,7.624032e+09,f_zipping_44
788,........((+))........,7.628092e+08,b_zipping_44
789,.........(+).........,7.624032e+09,f_zipping_44
790,........((+))........,7.628092e+08,b_zipping_44
791,.........(+).........,7.624032e+09,f_zipping_44
792,........((+))........,7.628092e+08,b_zipping_44
793,.........(+).........,7.624032e+09,f_zipping_44
794,........((+))........,7.628092e+08,b_zipping_44
795,.........(+).........,7.624032e+09,f_zipping_44
796,........((+))........,7.628092e+08,b_zipping_44
797,.........(+).........,7.624032e+09,f_zipping_44
798,........((+))........,7.628092e+08,b_zipping_44
799,.........(+).........,7.624032e+09,f_zipping_44
800,........((+))........,7.628092e+08,b_zipping_44
801,.........(+).........,7.624032e+09,f_zipping_44
802,........((+))........,7.628092e+08,b_zipping_44
803,.........(+).........,7.624032e+09,f_zipping_44
804,........((+))........,7.628092e+08,b_zipping_44
805,.........(+).........,7.624032e+09,f_zipping_44
806,........((+))........,7.628092e+08,b_zipping_44
807,.........(+).........,7.624032e+09,f_zipping_44
808,........((+))........,7.628092e+08,b_zipping_44
809,.........(+).........,7.624032e+09,f_zipping_44
810,........((+))........,7.628092e+08,b_zipping_44
811,.........(+).........,7.624032e+09,f_zipping_44
812,........((+))........,7.628092e+08,b_zipping_44
813,.........(+).........,7.624032e+09,f_zipping_44
814,........((+))........,7.628092e+08,b_zipping_44
815,.........(+).........,7.624032e+09,f_zipping_44
816,........((+))........,7.628092e+08,b_zipping_44
817,.........(+).........,7.624032e+09,f_zipping_44
818,........((+))........,7.628092e+08,b_zipping_44
819,.........(+).........,7.624032e+09,f_zipping_44
820,........((+))........,7.628092e+08,b_zipping_44
821,.........(+).........,7.624032e+09,f_zipping_44
822,........((+))........,7.628092e+08,b_zipping_44
823,.........(+).........,7.624032e+09,f_zipping_44
824,........((+))........,7.628092e+08,b_zipping_44
825,.........(+).........,7.624032e+09,f_zipping_44
826,........((+))........,7.628092e+08,b_zipping_44
827,.........(+).........,7.624032e+09,f_zipping_44
828,........((+))........,7.628092e+08,b_zipping_44
829,.........(+).........,7.624032e+09,f_zipping_44
830,........((+))........,7.628092e+08,b_zipping_44
831,.........(+).........,7.624032e+09,f_zipping_44
832,........((+))........,7.628092e+08,b_zipping_44
833,.........(+).........,7.624032e+09,f_zipping_44
834,........((+))........,7.628092e+08,b_zipping_44
835,.........(+).........,7.624032e+09,f_zipping_44
836,........((+))........,7.628092e+08,b_zipping_44
837,.........(+).........,7.624032e+09,f_zipping_44
838,........((+))........,7.628092e+08,b_zipping_44
839,.........(+).........,7.624032e+09,f_zipping_44
840,........((+))........,7.628092e+08,b_zipping_44
841,.........(+).........,7.624032e+09,f_zipping_44
842,........((+))........,7.628092e+08,b_zipping_44
843,.........(+).........,7.624032e+09,f_zipping_44
844,........((+))........,7.628092e+08,b_zipping_44
845,.........(+).........,7.624032e+09,f_zipping_44
846,........((+))........,7.628092e+08,b_zipping_44
847,.........(+).........,7.624032e+09,f_zipping_44
848,........((+))........,7.628092e+08,b_zipping_44
849,.........(+).........,7.624032e+09,f_zipping_44
850,........((+))........,7.628092e+08,b_zipping_44
851,.........(+).........,7.624032e+09,f_zipping_44
852,........((+))........,7.628092e+08,b_zipping_44
853,.........(+).........,7.624032e+09,f_zipping_44
854,........((+))........,7.628092e+08,b_zipping_44
855,.........(+).........,7.624032e+09,f_zipping_44
856,........((+))........,7.628092e+08,b_zipping_44
857,.........(+).........,7.624032e+09,f_zipping_44
858,........((+))........,7.628092e+08,b_zipping_44
859,.........(+).........,7.624032e+09,f_zipping_44
860,........((+))........,7.628092e+08,b_zipping_44
861,.........(+).........,7.624032e+09,f_zipping_44
862,........((+))........,7.628092e+08,b_zipping_44
863,.........(+).........,7.624032e+09,f_zipping_44
864,........((+))........,7.628092e+08,b_zipping_44
865,.........(+).........,7.624032e+09,f_zipping_44
866,........((+))........,7.628092e+08,b_zipping_44
867,.........(+).........,7.624032e+09,f_zipping_44
868,........((+))........,7.628092e+08,b_zipping_44
869,.........(+).........,7.624032e+09,f_zipping_44
870,........((+))........,7.628092e+08,b_zipping_44
871,.........(+).........,7.624032e+09,f_zipping_44
872,........((+))........,7.628092e+08,b_zipping_44
873,.........(+).........,7.624032e+09,f_zipping_44
874,........((+))........,7.628092e+08,b_zipping_44
875,.........(+).........,7.624032e+09,f_zipping_44
876,........((+))........,7.628092e+08,b_zipping_44
877,.........(+).........,7.624032e+09,f_zipping_44
878,........((+))........,7.628092e+08,b_zipping_44
879,.........(+).........,7.624032e+09,f_zipping_44
880,........((+))........,7.628092e+08,b_zipping_44
881,.........(+).........,7.624032e+09,f_zipping_44
882,........((+))........,7.628092e+08,b_zipping_44
883,.........(+).........,7.624032e+09,f_zipping_44
884,........((+))........,7.628092e+08,b_zipping_44
885,.........(+).........,7.624032e+09,f_zipping_44
886,........((+))........,7.628092e+08,b_zipping_44
887,.........(+).........,7.624032e+09,f_zipping_44
888,........((+))........,7.628092e+08,b_zipping_44
889,.........(+).........,7.624032e+09,f_zipping_44
890,........((+))........,7.628092e+08,b_zipping_44
891,.........(+).........,7.624032e+09,f_zipping_44
892,........((+))........,7.628092e+08,b_zipping_44
893,.........(+).........,7.624032e+09,f_zipping_44
894,........((+))........,7.628092e+08,b_zipping_44
895,.........(+).........,7.624032e+09,f_zipping_44
896,........((+))........,7.628092e+08,b_zipping_44
897,.........(+).........,7.624032e+09,f_zipping_44
898,........((+))........,1.117329e+07,b_zipping_72
899,.......(((+))).......,7.624032e+09,f_zipping_71
900,......((((+))))......,8.515323e+08,b_zipping_71
901,.......(((+))).......,7.624032e+09,f_zipping_71
902,......((((+))))......,8.515323e+08,b_zipping_71
903,.......(((+))).......,7.624032e+09,f_zipping_72
904,........((+))........,7.628092e+08,b_zipping_44
905,.........(+).........,7.624032e+09,f_zipping_44
906,........((+))........,7.628092e+08,b_zipping_44
907,.........(+).........,7.624032e+09,f_zipping_44
908,........((+))........,7.628092e+08,b_zipping_44
909,.........(+).........,7.624032e+09,f_zipping_44
910,........((+))........,7.628092e+08,b_zipping_44
911,.........(+).........,7.624032e+09,f_zipping_44
912,........((+))........,7.628092e+08,b_zipping_44
913,.........(+).........,7.624032e+09,f_zipping_44
914,........((+))........,7.628092e+08,b_zipping_44
915,.........(+).........,7.624032e+09,f_zipping_44
916,........((+))........,7.628092e+08,b_zipping_44
917,.........(+).........,7.624032e+09,f_zipping_44
918,........((+))........,7.628092e+08,b_zipping_44
919,.........(+).........,7.624032e+09,f_zipping_44
920,........((+))........,7.628092e+08,b_zipping_44
921,.........(+).........,7.624032e+09,f_zipping_44
922,........((+))........,7.628092e+08,b_zipping_44
923,.........(+).........,7.624032e+09,f_zipping_44
924,........((+))........,7.628092e+08,b_zipping_44
925,.........(+).........,7.624032e+09,f_zipping_44
926,........((+))........,7.628092e+08,b_zipping_44
927,.........(+).........,7.624032e+09,f_zipping_44
928,........((+))........,7.628092e+08,b_zipping_44
929,.........(+).........,7.624032e+09,f_zipping_44
930,........((+))........,7.628092e+08,b_zipping_44
931,.........(+).........,7.624032e+09,f_zipping_44
932,........((+))........,7.628092e+08,b_zipping_44
933,.........(+).........,7.624032e+09,f_zipping_44
934,........((+))........,7.628092e+08,b_zipping_44
935,.........(+).........,7.624032e+09,f_zipping_44
936,........((+))........,7.628092e+08,b_zipping_44
937,.........(+).........,7.624032e+09,f_zipping_44
938,........((+))........,7.628092e+08,b_zipping_44
939,.........(+).........,7.624032e+09,f_zipping_44
940,........((+))........,7.628092e+08,b_zipping_44
941,.........(+).........,7.624032e+09,f_zipping_44
942,........((+))........,7.628092e+08,b_zipping_44
943,.........(+).........,7.624032e+09,f_zipping_44
944,........((+))........,7.628092e+08,b_zipping_44
945,.........(+).........,7.624032e+09,f_zipping_44
946,........((+))........,7.628092e+08,b_zipping_44
947,.........(+).........,7.624032e+09,f_zipping_44
948,........((+))........,7.628092e+08,b_zipping_44
949,.........(+).........,7.624032e+09,f_zipping_44
950,........((+))........,7.628092e+08,b_zipping_44
951,.........(+).........,7.624032e+09,f_zipping_44
952,........((+))........,7.628092e+08,b_zipping_44
953,.........(+).........,7.624032e+09,f_zipping_44
954,........((+))........,7.628092e+08,b_zipping_44
955,.........(+).........,7.624032e+09,f_zipping_44
956,........((+))........,7.628092e+08,b_zipping_44
957,.........(+).........,7.624032e+09,f_zipping_44
958,........((+))........,7.628092e+08,b_zipping_44
959,.........(+).........,7.624032e+09,f_zipping_44
960,........((+))........,7.628092e+08,b_zipping_44
961,.........(+).........,7.624032e+09,f_zipping_44
962,........((+))........,7.628092e+08,b_zipping_44
963,.........(+).........,7.624032e+09,f_zipping_44
964,........((+))........,7.628092e+08,b_zipping_44
965,.........(+).........,7.624032e+09,f_zipping_44
966,........((+))........,7.628092e+08,b_zipping_44
967,.........(+).........,7.624032e+09,f_zipping_44
968,........((+))........,7.628092e+08,b_zipping_44
969,.........(+).........,7.624032e+09,f_zipping_44
970,........((+))........,7.628092e+08,b_zipping_44
971,.........(+).........,7.624032e+09,f_zipping_44
972,........((+))........,7.628092e+08,b_zipping_44
973,.........(+).........,7.624032e+09,f_zipping_44
974,........((+))........,7.628092e+08,b_zipping_44
975,.........(+).........,7.624032e+09,f_zipping_44
976,........((+))........,7.628092e+08,b_zipping_44
977,.........(+).........,7.624032e+09,f_zipping_44
978,........((+))........,7.628092e+08,b_zipping_44
979,.........(+).........,7.624032e+09,f_zipping_44
980,........((+))........,7.628092e+08,b_zipping_44
981,.........(+).........,7.624032e+09,f_zipping_44
982,........((+))........,7.628092e+08,b_zipping_44
983,.........(+).........,7.624032e+09,f_zipping_44
984,........((+))........,7.628092e+08,b_zipping_44
985,.........(+).........,7.624032e+09,f_zipping_44
986,........((+))........,7.628092e+08,b_zipping_44
987,.........(+).........,7.624032e+09,f_zipping_44
988,........((+))........,7.628092e+08,b_zipping_44
989,.........(+).........,7.624032e+09,f_zipping_44
990,........((+))........,7.628092e+08,b_zipping_44
991,.........(+).........,3.014395e+07,b_nucleation6
992,..........+..........,3.850521e+07,f_nucleation9
993,(.........+.........),7.624032e+09,f_zipping_35
994,((........+........)),7.624032e+09,f_zipping_45
995,(((.......+.......))),7.624032e+09,f_zipping_46
996,((((......+......)))),7.624032e+09,f_zipping_47
997,(((((.....+.....))))),7.624032e+09,f_zipping_48
998,((((((....+....)))))),7.624032e+09,f_zipping_50
999,(((((((...+...))))))),7.624032e+09,f_zipping_51
1000,((((((((..+..)))))))),7.624032e+09,f_zipping_53
1001,(((((((((.+.))))))))),7.624032e+09,f_zipping-end_54
1002,((((((((((+)))))))))),4.066113e+09,b_zipping-end_54
1003,(((((((((.+.))))))))),7.624032e+09,f_zipping_55
1004,.(((((((..+..))))))).,8.499384e+06,b_zipping_55
1005,(((((((((.+.))))))))),7.624032e+09,f_zipping-end_54
1006,((((((((((+)))))))))),4.066113e+09,b_zipping-end_54
1007,(((((((((.+.))))))))),7.624032e+09,f_zipping-end_54
1008,((((((((((+)))))))))),4.066113e+09,b_zipping-end_54
1009,(((((((((.+.))))))))),7.624032e+09,f_zipping_55
1010,.(((((((..+..))))))).,6.033406e+06,b_zipping_58
1011,..(((((...+...)))))..,7.624032e+09,f_zipping_58
1012,.(((((((..+..))))))).,8.499384e+06,b_zipping_55
1013,(((((((((.+.))))))))),7.624032e+09,f_zipping_55
1014,.(((((((..+..))))))).,8.499384e+06,b_zipping_55
1015,(((((((((.+.))))))))),7.624032e+09,f_zipping_55
1016,.(((((((..+..))))))).,6.033406e+06,b_zipping_58
1017,..(((((...+...)))))..,7.624032e+09,f_zipping_58
1018,.(((((((..+..))))))).,8.499384e+06,b_zipping_55
1019,(((((((((.+.))))))))),7.624032e+09,f_zipping-end_54
1020,((((((((((+)))))))))),4.066113e+09,b_zipping-end_54
1021,(((((((((.+.))))))))),7.624032e+09,f_zipping-end_54
1022,((((((((((+)))))))))),4.066113e+09,b_zipping-end_54
1023,(((((((((.+.))))))))),7.624032e+09,f_zipping-end_54
1024,((((((((((+)))))))))),4.066113e+09,b_zipping-end_54
1025,(((((((((.+.))))))))),7.624032e+09,f_zipping_55
1026,.(((((((..+..))))))).,8.499384e+06,b_zipping_55
1027,(((((((((.+.))))))))),7.624032e+09,f_zipping-end_54
1028,((((((((((+)))))))))),4.066113e+09,b_zipping-end_54
1029,(((((((((.+.))))))))),7.624032e+09,f_zipping-end_54
1030,((((((((((+)))))))))),4.066113e+09,b_zipping-end_54
1031,(((((((((.+.))))))))),7.624032e+09,f_zipping-end_54
1032,((((((((((+)))))))))),4.066113e+09,b_zipping-end_54
1033,(((((((((.+.))))))))),7.624032e+09,f_zipping_55
1034,.(((((((..+..))))))).,6.033406e+06,b_zipping_58
1035,..(((((...+...)))))..,7.624032e+09,f_zipping_58
1036,.(((((((..+..))))))).,6.033406e+06,b_zipping_58
1037,..(((((...+...)))))..,7.624032e+09,f_zipping_58
1038,.(((((((..+..))))))).,8.499384e+06,b_zipping_55
1039,(((((((((.+.))))))))),7.624032e+09,f_zipping_55
1040,.(((((((..+..))))))).,8.499384e+06,b_zipping_55
1041,(((((((((.+.))))))))),7.624032e+09,f_zipping_55
1042,.(((((((..+..))))))).,8.499384e+06,b_zipping_55
1043,(((((((((.+.))))))))),7.624032e+09,f_zipping_55
1044,.(((((((..+..))))))).,6.033406e+06,b_zipping_58
1045,..(((((...+...)))))..,7.624032e+09,f_zipping_58
1046,.(((((((..+..))))))).,6.033406e+06,b_zipping_58
1047,..(((((...+...)))))..,7.624032e+09,f_zipping_58
1048,.(((((((..+..))))))).,6.033406e+06,b_zipping_58
1049,..(((((...+...)))))..,7.624032e+09,f_zipping_58
1050,.(((((((..+..))))))).,6.033406e+06,b_zipping_58
1051,..(((((...+...)))))..,7.624032e+09,f_zipping_58
1052,.(((((((..+..))))))).,8.499384e+06,b_zipping_55
1053,(((((((((.+.))))))))),7.624032e+09,f_zipping_55
1054,.(((((((..+..))))))).,6.033406e+06,b_zipping_58
1055,..(((((...+...)))))..,7.624032e+09,f_zipping_58
1056,.(((((((..+..))))))).,6.033406e+06,b_zipping_58
1057,..(((((...+...)))))..,7.624032e+09,f_zipping_58
1058,.(((((((..+..))))))).,6.033406e+06,b_zipping_58
1059,..(((((...+...)))))..,7.624032e+09,f_zipping_58
1060,.(((((((..+..))))))).,6.033406e+06,b_zipping_58
1061,..(((((...+...)))))..,7.624032e+09,f_zipping_58
1062,.(((((((..+..))))))).,8.499384e+06,b_zipping_55
1063,(((((((((.+.))))))))),7.624032e+09,f_zipping-end_54
1064,((((((((((+)))))))))),4.066113e+09,b_zipping-end_54
1065,(((((((((.+.))))))))),7.624032e+09,f_zipping-end_54
1066,((((((((((+)))))))))),4.066113e+09,b_zipping-end_54
1067,(((((((((.+.))))))))),7.624032e+09,f_zipping_55
1068,.(((((((..+..))))))).,6.033406e+06,b_zipping_58
1069,..(((((...+...)))))..,7.624032e+09,f_zipping_58
1070,.(((((((..+..))))))).,8.499384e+06,b_zipping_55
1071,(((((((((.+.))))))))),7.624032e+09,f_zipping_55
1072,.(((((((..+..))))))).,8.499384e+06,b_zipping_55
1073,(((((((((.+.))))))))),7.624032e+09,f_zipping_55
1074,.(((((((..+..))))))).,8.499384e+06,b_zipping_55
1075,(((((((((.+.))))))))),7.624032e+09,f_zipping_55
1076,.(((((((..+..))))))).,8.499384e+06,b_zipping_55
1077,(((((((((.+.))))))))),7.624032e+09,f_zipping_55
1078,.(((((((..+..))))))).,6.033406e+06,b_zipping_58
1079,..(((((...+...)))))..,7.624032e+09,f_zipping_58
1080,.(((((((..+..))))))).,,
