,trajectory,DG,next step rate,step name
0,..........+..........,0.0,2.507905e+06,on_nucleation-18
1,........(.+.)........,-0.4881872600222883,2.095948e+08,on_nucleation-294
2,..........+..........,0.0,3.134882e+06,off_nucleation-0
3,(.........+.......)..,-0.23568040849883176,3.205307e+08,off_nucleation-23
4,..........+..........,0.0,2.507905e+06,on_nucleation-12
5,..(.......+.......)..,-0.23568040849883176,3.205307e+08,on_nucleation-174
6,..........+..........,0.0,3.134882e+06,off_nucleation-9
7,.........(+..).......,-0.23568040849883176,3.205307e+08,off_nucleation-111
8,..........+..........,0.0,3.134882e+06,off_nucleation-3
9,......(...+.)........,-0.4881872600222883,2.095948e+08,off_nucleation-61
10,..........+..........,0.0,3.134882e+06,off_nucleation-3
11,......(...+.)........,-0.4881872600222883,2.095948e+08,off_nucleation-61
12,..........+..........,0.0,2.507905e+06,on_nucleation-15
13,.....(....+....).....,-0.23568040849883176,3.205307e+08,on_nucleation-252
14,..........+..........,0.0,2.507905e+06,on_nucleation-14
15,....(.....+.....)....,-0.4881872600222883,2.095948e+08,on_nucleation-230
16,..........+..........,0.0,2.507905e+06,on_nucleation-18
17,........(.+.)........,-0.4881872600222883,2.095948e+08,on_nucleation-294
18,..........+..........,0.0,2.507905e+06,on_nucleation-13
19,...(......+......)...,-0.4881872600222883,2.095948e+08,on_nucleation-204
20,..........+..........,0.0,3.134882e+06,off_nucleation-6
21,......(...+.....)....,-0.4881872600222883,2.095948e+08,off_nucleation-82
22,..........+..........,0.0,3.134882e+06,off_nucleation-4
23,.......(..+).........,-0.23568040849883176,3.205307e+08,off_nucleation-66
24,..........+..........,0.0,2.507905e+06,on_nucleation-19
25,.........(+).........,-0.23568040849883176,3.205307e+08,on_nucleation-299
26,..........+..........,0.0,3.134882e+06,off_nucleation-1
27,....(.....+...)......,-0.4881872600222883,2.095948e+08,off_nucleation-37
28,..........+..........,0.0,2.507905e+06,on_nucleation-12
29,..(.......+.......)..,-0.23568040849883176,3.205307e+08,on_nucleation-174
30,..........+..........,0.0,2.507905e+06,on_nucleation-16
31,......(...+...)......,-0.4881872600222883,2.095948e+08,on_nucleation-270
32,..........+..........,0.0,3.134882e+06,off_nucleation-3
33,......(...+.)........,-0.4881872600222883,2.095948e+08,off_nucleation-61
34,..........+..........,0.0,2.507905e+06,on_nucleation-12
35,..(.......+.......)..,-0.23568040849883176,3.205307e+08,on_nucleation-174
36,..........+..........,0.0,3.134882e+06,off_nucleation-3
37,......(...+.)........,-0.4881872600222883,2.095948e+08,off_nucleation-61
38,..........+..........,0.0,3.134882e+06,off_nucleation-5
39,..(.......+.........),-0.23568040849883176,3.205307e+08,off_nucleation-68
40,..........+..........,0.0,3.134882e+06,off_nucleation-0
41,(.........+.......)..,-0.23568040849883176,3.205307e+08,off_nucleation-23
42,..........+..........,0.0,3.134882e+06,off_nucleation-5
43,..(.......+.........),-0.23568040849883176,3.205307e+08,off_nucleation-68
44,..........+..........,0.0,3.134882e+06,off_nucleation-5
45,..(.......+.........),-0.23568040849883176,3.205307e+08,off_nucleation-68
46,..........+..........,0.0,3.134882e+06,off_nucleation-4
47,.......(..+).........,-0.23568040849883176,3.205307e+08,off_nucleation-66
48,..........+..........,0.0,2.507905e+06,on_nucleation-18
49,........(.+.)........,-0.4881872600222883,2.095948e+08,on_nucleation-294
50,..........+..........,0.0,3.134882e+06,off_nucleation-7
51,.......(..+....).....,-0.23568040849883176,3.205307e+08,off_nucleation-96
52,..........+..........,0.0,3.134882e+06,off_nucleation-0
53,(.........+.......)..,-0.23568040849883176,3.205307e+08,off_nucleation-23
54,..........+..........,0.0,2.507905e+06,on_nucleation-16
55,......(...+...)......,-0.4881872600222883,2.095948e+08,on_nucleation-270
56,..........+..........,0.0,3.134882e+06,off_nucleation-7
57,.......(..+....).....,-0.23568040849883176,3.205307e+08,off_nucleation-96
58,..........+..........,0.0,2.507905e+06,on_nucleation-15
59,.....(....+....).....,-0.23568040849883176,3.205307e+08,on_nucleation-252
60,..........+..........,0.0,2.507905e+06,on_nucleation-12
61,..(.......+.......)..,-0.23568040849883176,3.205307e+08,on_nucleation-174
62,..........+..........,0.0,3.134882e+06,off_nucleation-1
63,....(.....+...)......,-0.4881872600222883,2.095948e+08,off_nucleation-37
64,..........+..........,0.0,3.134882e+06,off_nucleation-6
65,......(...+.....)....,-0.4881872600222883,2.095948e+08,off_nucleation-82
66,..........+..........,0.0,2.507905e+06,on_nucleation-16
67,......(...+...)......,-0.4881872600222883,2.095948e+08,on_nucleation-270
68,..........+..........,0.0,3.134882e+06,off_nucleation-3
69,......(...+.)........,-0.4881872600222883,2.095948e+08,off_nucleation-61
70,..........+..........,0.0,2.507905e+06,on_nucleation-16
71,......(...+...)......,-0.4881872600222883,2.095948e+08,on_nucleation-270
72,..........+..........,0.0,2.507905e+06,on_nucleation-19
73,.........(+).........,-0.23568040849883176,3.205307e+08,on_nucleation-299
74,..........+..........,0.0,3.134882e+06,off_nucleation-8
75,........(.+...)......,-0.4881872600222883,2.095948e+08,off_nucleation-106
76,..........+..........,0.0,3.134882e+06,off_nucleation-5
77,..(.......+.........),-0.23568040849883176,3.205307e+08,off_nucleation-68
78,..........+..........,0.0,3.134882e+06,off_nucleation-5
79,..(.......+.........),-0.23568040849883176,3.205307e+08,off_nucleation-68
80,..........+..........,0.0,3.134882e+06,off_nucleation-3
81,......(...+.)........,-0.4881872600222883,2.095948e+08,off_nucleation-61
82,..........+..........,0.0,2.507905e+06,on_nucleation-16
83,......(...+...)......,-0.4881872600222883,2.095948e+08,on_nucleation-270
84,..........+..........,0.0,3.134882e+06,off_nucleation-5
85,..(.......+.........),-0.23568040849883176,3.205307e+08,off_nucleation-68
86,..........+..........,0.0,2.507905e+06,on_nucleation-14
87,....(.....+.....)....,-0.4881872600222883,2.095948e+08,on_nucleation-230
88,..........+..........,0.0,3.134882e+06,off_nucleation-1
89,....(.....+...)......,-0.4881872600222883,2.095948e+08,off_nucleation-37
90,..........+..........,0.0,2.507905e+06,on_nucleation-18
91,........(.+.)........,-0.4881872600222883,2.095948e+08,on_nucleation-294
92,..........+..........,0.0,3.134882e+06,off_nucleation-8
93,........(.+...)......,-0.4881872600222883,2.095948e+08,off_nucleation-106
94,..........+..........,0.0,3.134882e+06,off_nucleation-3
95,......(...+.)........,-0.4881872600222883,2.095948e+08,off_nucleation-61
96,..........+..........,0.0,2.507905e+06,on_nucleation-16
97,......(...+...)......,-0.4881872600222883,2.095948e+08,on_nucleation-270
98,..........+..........,0.0,3.134882e+06,off_nucleation-4
99,.......(..+).........,-0.23568040849883176,3.205307e+08,off_nucleation-66
100,..........+..........,0.0,3.134882e+06,off_nucleation-6
101,......(...+.....)....,-0.4881872600222883,2.095948e+08,off_nucleation-82
102,..........+..........,0.0,3.134882e+06,off_nucleation-6
103,......(...+.....)....,-0.4881872600222883,2.095948e+08,off_nucleation-82
104,..........+..........,0.0,3.134882e+06,off_nucleation-0
105,(.........+.......)..,-0.23568040849883176,3.205307e+08,off_nucleation-23
106,..........+..........,0.0,3.134882e+06,off_nucleation-1
107,....(.....+...)......,-0.4881872600222883,2.095948e+08,off_nucleation-37
108,..........+..........,0.0,3.134882e+06,off_nucleation-4
109,.......(..+).........,-0.23568040849883176,3.205307e+08,off_nucleation-66
110,..........+..........,0.0,3.134882e+06,off_nucleation-4
111,.......(..+).........,-0.23568040849883176,3.205307e+08,off_nucleation-66
112,..........+..........,0.0,3.134882e+06,off_nucleation-1
113,....(.....+...)......,-0.4881872600222883,2.095948e+08,off_nucleation-37
114,..........+..........,0.0,2.507905e+06,on_nucleation-19
115,.........(+).........,-0.23568040849883176,3.205307e+08,on_nucleation-299
116,..........+..........,0.0,2.507905e+06,on_nucleation-11
117,.(........+........).,-0.23568040849883176,3.205307e+08,on_nucleation-140
118,..........+..........,0.0,2.507905e+06,on_nucleation-18
119,........(.+.)........,-0.4881872600222883,2.095948e+08,on_nucleation-294
120,..........+..........,0.0,2.507905e+06,on_nucleation-16
121,......(...+...)......,-0.4881872600222883,2.095948e+08,on_nucleation-270
122,..........+..........,0.0,3.134882e+06,off_nucleation-3
123,......(...+.)........,-0.4881872600222883,2.095948e+08,off_nucleation-61
124,..........+..........,0.0,3.134882e+06,off_nucleation-5
125,..(.......+.........),-0.23568040849883176,3.205307e+08,off_nucleation-68
126,..........+..........,0.0,2.507905e+06,on_nucleation-18
127,........(.+.)........,-0.4881872600222883,2.095948e+08,on_nucleation-294
128,..........+..........,0.0,3.134882e+06,off_nucleation-3
129,......(...+.)........,-0.4881872600222883,2.095948e+08,off_nucleation-61
130,..........+..........,0.0,3.134882e+06,off_nucleation-9
131,.........(+..).......,-0.23568040849883176,3.205307e+08,off_nucleation-111
132,..........+..........,0.0,2.507905e+06,on_nucleation-14
133,....(.....+.....)....,-0.4881872600222883,2.095948e+08,on_nucleation-230
134,..........+..........,0.0,3.134882e+06,off_nucleation-4
135,.......(..+).........,-0.23568040849883176,3.205307e+08,off_nucleation-66
136,..........+..........,0.0,2.507905e+06,on_nucleation-16
137,......(...+...)......,-0.4881872600222883,2.095948e+08,on_nucleation-270
138,..........+..........,0.0,2.507905e+06,on_nucleation-17
139,.......(..+..).......,-0.23568040849883176,3.205307e+08,on_nucleation-284
140,..........+..........,0.0,3.134882e+06,off_nucleation-2
141,.....(....+..).......,-0.23568040849883176,3.205307e+08,off_nucleation-51
142,..........+..........,0.0,2.507905e+06,on_nucleation-11
143,.(........+........).,-0.23568040849883176,3.205307e+08,on_nucleation-140
144,..........+..........,0.0,3.134882e+06,off_nucleation-0
145,(.........+.......)..,-0.23568040849883176,3.205307e+08,off_nucleation-23
146,..........+..........,0.0,2.507905e+06,on_nucleation-18
147,........(.+.)........,-0.4881872600222883,2.095948e+08,on_nucleation-294
148,..........+..........,0.0,3.134882e+06,off_nucleation-0
149,(.........+.......)..,-0.23568040849883176,3.205307e+08,off_nucleation-23
150,..........+..........,0.0,3.134882e+06,off_nucleation-4
151,.......(..+).........,-0.23568040849883176,3.205307e+08,off_nucleation-66
152,..........+..........,0.0,3.134882e+06,off_nucleation-7
153,.......(..+....).....,-0.23568040849883176,3.205307e+08,off_nucleation-96
154,..........+..........,0.0,2.507905e+06,on_nucleation-12
155,..(.......+.......)..,-0.23568040849883176,3.205307e+08,on_nucleation-174
156,..........+..........,0.0,3.134882e+06,off_nucleation-0
157,(.........+.......)..,-0.23568040849883176,3.205307e+08,off_nucleation-23
158,..........+..........,0.0,3.134882e+06,off_nucleation-9
159,.........(+..).......,-0.23568040849883176,3.205307e+08,off_nucleation-111
160,..........+..........,0.0,2.507905e+06,on_nucleation-15
161,.....(....+....).....,-0.23568040849883176,3.205307e+08,on_nucleation-252
162,..........+..........,0.0,3.134882e+06,off_nucleation-8
163,........(.+...)......,-0.4881872600222883,2.095948e+08,off_nucleation-106
164,..........+..........,0.0,3.134882e+06,off_nucleation-9
165,.........(+..).......,-0.23568040849883176,3.205307e+08,off_nucleation-111
166,..........+..........,0.0,2.507905e+06,on_nucleation-16
167,......(...+...)......,-0.4881872600222883,2.095948e+08,on_nucleation-270
168,..........+..........,0.0,3.134882e+06,off_nucleation-3
169,......(...+.)........,-0.4881872600222883,2.095948e+08,off_nucleation-61
170,..........+..........,0.0,2.507905e+06,on_nucleation-19
171,.........(+).........,-0.23568040849883176,3.205307e+08,on_nucleation-299
172,..........+..........,0.0,3.134882e+06,off_nucleation-8
173,........(.+...)......,-0.4881872600222883,2.095948e+08,off_nucleation-106
174,..........+..........,0.0,2.507905e+06,on_nucleation-18
175,........(.+.)........,-0.4881872600222883,2.095948e+08,on_nucleation-294
176,..........+..........,0.0,3.134882e+06,off_nucleation-7
177,.......(..+....).....,-0.23568040849883176,3.205307e+08,off_nucleation-96
178,..........+..........,0.0,3.134882e+06,off_nucleation-7
179,.......(..+....).....,-0.23568040849883176,3.205307e+08,off_nucleation-96
180,..........+..........,0.0,2.507905e+06,on_nucleation-18
181,........(.+.)........,-0.4881872600222883,2.095948e+08,on_nucleation-294
182,..........+..........,0.0,2.507905e+06,on_nucleation-19
183,.........(+).........,-0.23568040849883176,3.205307e+08,on_nucleation-299
184,..........+..........,0.0,3.134882e+06,off_nucleation-4
185,.......(..+).........,-0.23568040849883176,3.205307e+08,off_nucleation-66
186,..........+..........,0.0,3.134882e+06,off_nucleation-8
187,........(.+...)......,-0.4881872600222883,2.095948e+08,off_nucleation-106
188,..........+..........,0.0,3.134882e+06,off_nucleation-1
189,....(.....+...)......,-0.4881872600222883,2.095948e+08,off_nucleation-37
190,..........+..........,0.0,2.507905e+06,on_nucleation-10
191,(.........+.........),-0.23568040849883176,3.205307e+08,on_nucleation-113
192,..........+..........,0.0,3.134882e+06,off_nucleation-1
193,....(.....+...)......,-0.4881872600222883,2.095948e+08,off_nucleation-37
194,..........+..........,0.0,2.507905e+06,on_nucleation-10
195,(.........+.........),-0.23568040849883176,3.205307e+08,on_nucleation-113
196,..........+..........,0.0,2.507905e+06,on_nucleation-19
197,.........(+).........,-0.23568040849883176,3.205307e+08,on_nucleation-299
198,..........+..........,0.0,3.134882e+06,off_nucleation-7
199,.......(..+....).....,-0.23568040849883176,3.205307e+08,off_nucleation-96
200,..........+..........,0.0,3.134882e+06,off_nucleation-5
201,..(.......+.........),-0.23568040849883176,3.205307e+08,off_nucleation-68
202,..........+..........,0.0,2.507905e+06,on_nucleation-18
203,........(.+.)........,-0.4881872600222883,2.095948e+08,on_nucleation-294
204,..........+..........,0.0,3.134882e+06,off_nucleation-3
205,......(...+.)........,-0.4881872600222883,2.095948e+08,off_nucleation-61
206,..........+..........,0.0,3.134882e+06,off_nucleation-4
207,.......(..+).........,-0.23568040849883176,3.205307e+08,off_nucleation-66
208,..........+..........,0.0,3.134882e+06,off_nucleation-5
209,..(.......+.........),-0.23568040849883176,3.205307e+08,off_nucleation-68
210,..........+..........,0.0,3.134882e+06,off_nucleation-1
211,....(.....+...)......,-0.4881872600222883,2.095948e+08,off_nucleation-37
212,..........+..........,0.0,3.134882e+06,off_nucleation-4
213,.......(..+).........,-0.23568040849883176,3.205307e+08,off_nucleation-66
214,..........+..........,0.0,3.134882e+06,off_nucleation-0
215,(.........+.......)..,-0.23568040849883176,3.205307e+08,off_nucleation-23
216,..........+..........,0.0,3.134882e+06,off_nucleation-3
217,......(...+.)........,-0.4881872600222883,2.095948e+08,off_nucleation-61
218,..........+..........,0.0,2.507905e+06,on_nucleation-18
219,........(.+.)........,-0.4881872600222883,2.095948e+08,on_nucleation-294
220,..........+..........,0.0,3.134882e+06,off_nucleation-7
221,.......(..+....).....,-0.23568040849883176,3.205307e+08,off_nucleation-96
222,..........+..........,0.0,3.134882e+06,off_nucleation-5
223,..(.......+.........),-0.23568040849883176,3.205307e+08,off_nucleation-68
224,..........+..........,0.0,2.507905e+06,on_nucleation-12
225,..(.......+.......)..,-0.23568040849883176,3.205307e+08,on_nucleation-174
226,..........+..........,0.0,2.507905e+06,on_nucleation-18
227,........(.+.)........,-0.4881872600222883,2.095948e+08,on_nucleation-294
228,..........+..........,0.0,3.134882e+06,off_nucleation-7
229,.......(..+....).....,-0.23568040849883176,3.205307e+08,off_nucleation-96
230,..........+..........,0.0,2.507905e+06,on_nucleation-10
231,(.........+.........),-0.23568040849883176,3.205307e+08,on_nucleation-113
232,..........+..........,0.0,2.507905e+06,on_nucleation-14
233,....(.....+.....)....,-0.4881872600222883,2.095948e+08,on_nucleation-230
234,..........+..........,0.0,3.134882e+06,off_nucleation-8
235,........(.+...)......,-0.4881872600222883,2.095948e+08,off_nucleation-106
236,..........+..........,0.0,3.134882e+06,off_nucleation-8
237,........(.+...)......,-0.4881872600222883,2.095948e+08,off_nucleation-106
238,..........+..........,0.0,2.507905e+06,on_nucleation-11
239,.(........+........).,-0.23568040849883176,3.205307e+08,on_nucleation-140
240,..........+..........,0.0,2.507905e+06,on_nucleation-17
241,.......(..+..).......,-0.23568040849883176,3.205307e+08,on_nucleation-284
242,..........+..........,0.0,3.134882e+06,off_nucleation-0
243,(.........+.......)..,-0.23568040849883176,3.205307e+08,off_nucleation-23
244,..........+..........,0.0,2.507905e+06,on_nucleation-13
245,...(......+......)...,-0.4881872600222883,2.095948e+08,on_nucleation-204
246,..........+..........,0.0,2.507905e+06,on_nucleation-16
247,......(...+...)......,-0.4881872600222883,2.095948e+08,on_nucleation-270
248,..........+..........,0.0,3.134882e+06,off_nucleation-5
249,..(.......+.........),-0.23568040849883176,3.205307e+08,off_nucleation-68
250,..........+..........,0.0,3.134882e+06,off_nucleation-4
251,.......(..+).........,-0.23568040849883176,3.205307e+08,off_nucleation-66
252,..........+..........,0.0,2.507905e+06,on_nucleation-18
253,........(.+.)........,-0.4881872600222883,2.095948e+08,on_nucleation-294
254,..........+..........,0.0,3.134882e+06,off_nucleation-8
255,........(.+...)......,-0.4881872600222883,2.095948e+08,off_nucleation-106
256,..........+..........,0.0,3.134882e+06,off_nucleation-3
257,......(...+.)........,-0.4881872600222883,2.095948e+08,off_nucleation-61
258,..........+..........,0.0,3.134882e+06,off_nucleation-8
259,........(.+...)......,-0.4881872600222883,2.095948e+08,off_nucleation-106
260,..........+..........,0.0,2.507905e+06,on_nucleation-13
261,...(......+......)...,-0.4881872600222883,2.095948e+08,on_nucleation-204
262,..........+..........,0.0,2.507905e+06,on_nucleation-19
263,.........(+).........,-0.23568040849883176,3.205307e+08,on_nucleation-299
264,..........+..........,0.0,3.134882e+06,off_nucleation-0
265,(.........+.......)..,-0.23568040849883176,3.205307e+08,off_nucleation-23
266,..........+..........,0.0,2.507905e+06,on_nucleation-15
267,.....(....+....).....,-0.23568040849883176,3.205307e+08,on_nucleation-252
268,..........+..........,0.0,2.507905e+06,on_nucleation-13
269,...(......+......)...,-0.4881872600222883,2.095948e+08,on_nucleation-204
270,..........+..........,0.0,3.134882e+06,off_nucleation-0
271,(.........+.......)..,-0.23568040849883176,3.205307e+08,off_nucleation-23
272,..........+..........,0.0,2.507905e+06,on_nucleation-12
273,..(.......+.......)..,-0.23568040849883176,3.205307e+08,on_nucleation-174
274,..........+..........,0.0,2.507905e+06,on_nucleation-18
275,........(.+.)........,-0.4881872600222883,2.095948e+08,on_nucleation-294
276,..........+..........,0.0,3.134882e+06,off_nucleation-7
277,.......(..+....).....,-0.23568040849883176,3.205307e+08,off_nucleation-96
278,..........+..........,0.0,3.134882e+06,off_nucleation-2
279,.....(....+..).......,-0.23568040849883176,3.205307e+08,off_nucleation-51
280,..........+..........,0.0,2.507905e+06,on_nucleation-10
281,(.........+.........),-0.23568040849883176,3.205307e+08,on_nucleation-113
282,..........+..........,0.0,3.134882e+06,off_nucleation-7
283,.......(..+....).....,-0.23568040849883176,3.205307e+08,off_nucleation-96
284,..........+..........,0.0,2.507905e+06,on_nucleation-18
285,........(.+.)........,-0.4881872600222883,2.095948e+08,on_nucleation-294
286,..........+..........,0.0,2.507905e+06,on_nucleation-13
287,...(......+......)...,-0.4881872600222883,2.095948e+08,on_nucleation-204
288,..........+..........,0.0,2.507905e+06,on_nucleation-19
289,.........(+).........,-0.23568040849883176,3.205307e+08,on_nucleation-299
290,..........+..........,0.0,2.507905e+06,on_nucleation-18
291,........(.+.)........,-0.4881872600222883,2.095948e+08,on_nucleation-294
292,..........+..........,0.0,2.507905e+06,on_nucleation-17
293,.......(..+..).......,-0.23568040849883176,3.205307e+08,on_nucleation-284
294,..........+..........,0.0,3.134882e+06,off_nucleation-9
295,.........(+..).......,-0.23568040849883176,3.205307e+08,off_nucleation-111
296,..........+..........,0.0,3.134882e+06,off_nucleation-3
297,......(...+.)........,-0.4881872600222883,2.095948e+08,off_nucleation-61
298,..........+..........,0.0,3.134882e+06,off_nucleation-3
299,......(...+.)........,-0.4881872600222883,2.095948e+08,off_nucleation-61
300,..........+..........,0.0,3.134882e+06,off_nucleation-5
301,..(.......+.........),-0.23568040849883176,3.205307e+08,off_nucleation-68
302,..........+..........,0.0,2.507905e+06,on_nucleation-18
303,........(.+.)........,-0.4881872600222883,2.095948e+08,on_nucleation-294
304,..........+..........,0.0,3.134882e+06,off_nucleation-8
305,........(.+...)......,-0.4881872600222883,2.095948e+08,off_nucleation-106
306,..........+..........,0.0,2.507905e+06,on_nucleation-18
307,........(.+.)........,-0.4881872600222883,2.095948e+08,on_nucleation-294
308,..........+..........,0.0,3.134882e+06,off_nucleation-8
309,........(.+...)......,-0.4881872600222883,2.095948e+08,off_nucleation-106
310,..........+..........,0.0,2.507905e+06,on_nucleation-11
311,.(........+........).,-0.23568040849883176,3.205307e+08,on_nucleation-140
312,..........+..........,0.0,3.134882e+06,off_nucleation-6
313,......(...+.....)....,-0.4881872600222883,2.095948e+08,off_nucleation-82
314,..........+..........,0.0,2.507905e+06,on_nucleation-14
315,....(.....+.....)....,-0.4881872600222883,2.095948e+08,on_nucleation-230
316,..........+..........,0.0,2.507905e+06,on_nucleation-13
317,...(......+......)...,-0.4881872600222883,2.095948e+08,on_nucleation-204
318,..........+..........,0.0,2.507905e+06,on_nucleation-12
319,..(.......+.......)..,-0.23568040849883176,3.205307e+08,on_nucleation-174
320,..........+..........,0.0,2.507905e+06,on_nucleation-13
321,...(......+......)...,-0.4881872600222883,2.095948e+08,on_nucleation-204
322,..........+..........,0.0,3.134882e+06,off_nucleation-2
323,.....(....+..).......,-0.23568040849883176,3.205307e+08,off_nucleation-51
324,..........+..........,0.0,3.134882e+06,off_nucleation-9
325,.........(+..).......,-0.23568040849883176,3.205307e+08,off_nucleation-111
326,..........+..........,0.0,2.507905e+06,on_nucleation-14
327,....(.....+.....)....,-0.4881872600222883,2.095948e+08,on_nucleation-230
328,..........+..........,0.0,3.134882e+06,off_nucleation-7
329,.......(..+....).....,-0.23568040849883176,3.205307e+08,off_nucleation-96
330,..........+..........,0.0,2.507905e+06,on_nucleation-19
331,.........(+).........,-0.23568040849883176,3.205307e+08,on_nucleation-299
332,..........+..........,0.0,3.134882e+06,off_nucleation-1
333,....(.....+...)......,-0.4881872600222883,2.095948e+08,off_nucleation-37
334,..........+..........,0.0,3.134882e+06,off_nucleation-9
335,.........(+..).......,-0.23568040849883176,3.205307e+08,off_nucleation-111
336,..........+..........,0.0,2.507905e+06,on_nucleation-15
337,.....(....+....).....,-0.23568040849883176,3.205307e+08,on_nucleation-252
338,..........+..........,0.0,2.507905e+06,on_nucleation-17
339,.......(..+..).......,-0.23568040849883176,3.205307e+08,on_nucleation-284
340,..........+..........,0.0,3.134882e+06,off_nucleation-9
341,.........(+..).......,-0.23568040849883176,3.205307e+08,off_nucleation-111
342,..........+..........,0.0,2.507905e+06,on_nucleation-16
343,......(...+...)......,-0.4881872600222883,2.095948e+08,on_nucleation-270
344,..........+..........,0.0,3.134882e+06,off_nucleation-3
345,......(...+.)........,-0.4881872600222883,2.095948e+08,off_nucleation-61
346,..........+..........,0.0,3.134882e+06,off_nucleation-2
347,.....(....+..).......,-0.23568040849883176,3.205307e+08,off_nucleation-51
348,..........+..........,0.0,3.134882e+06,off_nucleation-1
349,....(.....+...)......,-0.4881872600222883,2.095948e+08,off_nucleation-37
350,..........+..........,0.0,2.507905e+06,on_nucleation-17
351,.......(..+..).......,-0.23568040849883176,3.205307e+08,on_nucleation-284
352,..........+..........,0.0,2.507905e+06,on_nucleation-16
353,......(...+...)......,-0.4881872600222883,2.095948e+08,on_nucleation-270
354,..........+..........,0.0,2.507905e+06,on_nucleation-19
355,.........(+).........,-0.23568040849883176,3.205307e+08,on_nucleation-299
356,..........+..........,0.0,3.134882e+06,off_nucleation-4
357,.......(..+).........,-0.23568040849883176,3.205307e+08,off_nucleation-66
358,..........+..........,0.0,2.507905e+06,on_nucleation-19
359,.........(+).........,-0.23568040849883176,3.205307e+08,on_nucleation-299
360,..........+..........,0.0,2.507905e+06,on_nucleation-10
361,(.........+.........),-0.23568040849883176,3.205307e+08,on_nucleation-113
362,..........+..........,0.0,3.134882e+06,off_nucleation-9
363,.........(+..).......,-0.23568040849883176,3.205307e+08,off_nucleation-111
364,..........+..........,0.0,3.134882e+06,off_nucleation-8
365,........(.+...)......,-0.4881872600222883,2.095948e+08,off_nucleation-106
366,..........+..........,0.0,2.507905e+06,on_nucleation-17
367,.......(..+..).......,-0.23568040849883176,3.205307e+08,on_nucleation-284
368,..........+..........,0.0,3.134882e+06,off_nucleation-6
369,......(...+.....)....,-0.4881872600222883,2.095948e+08,off_nucleation-82
370,..........+..........,0.0,2.507905e+06,on_nucleation-11
371,.(........+........).,-0.23568040849883176,3.205307e+08,on_nucleation-140
372,..........+..........,0.0,3.134882e+06,off_nucleation-8
373,........(.+...)......,-0.4881872600222883,2.095948e+08,off_nucleation-106
374,..........+..........,0.0,2.507905e+06,on_nucleation-12
375,..(.......+.......)..,-0.23568040849883176,3.205307e+08,on_nucleation-174
376,..........+..........,0.0,3.134882e+06,off_nucleation-9
377,.........(+..).......,-0.23568040849883176,3.205307e+08,off_nucleation-111
378,..........+..........,0.0,3.134882e+06,off_nucleation-3
379,......(...+.)........,-0.4881872600222883,2.095948e+08,off_nucleation-61
380,..........+..........,0.0,3.134882e+06,off_nucleation-6
381,......(...+.....)....,-0.4881872600222883,2.095948e+08,off_nucleation-82
382,..........+..........,0.0,2.507905e+06,on_nucleation-13
383,...(......+......)...,-0.4881872600222883,2.095948e+08,on_nucleation-204
384,..........+..........,0.0,3.134882e+06,off_nucleation-8
385,........(.+...)......,-0.4881872600222883,2.095948e+08,off_nucleation-106
386,..........+..........,0.0,2.507905e+06,on_nucleation-10
387,(.........+.........),-0.23568040849883176,3.205307e+08,on_nucleation-113
388,..........+..........,0.0,2.507905e+06,on_nucleation-10
389,(.........+.........),-0.23568040849883176,3.205307e+08,on_nucleation-113
390,..........+..........,0.0,3.134882e+06,off_nucleation-6
391,......(...+.....)....,-0.4881872600222883,2.095948e+08,off_nucleation-82
392,..........+..........,0.0,2.507905e+06,on_nucleation-15
393,.....(....+....).....,-0.23568040849883176,3.205307e+08,on_nucleation-252
394,..........+..........,0.0,3.134882e+06,off_nucleation-0
395,(.........+.......)..,-0.23568040849883176,3.205307e+08,off_nucleation-23
396,..........+..........,0.0,3.134882e+06,off_nucleation-6
397,......(...+.....)....,-0.4881872600222883,2.095948e+08,off_nucleation-82
398,..........+..........,0.0,2.507905e+06,on_nucleation-19
399,.........(+).........,-0.23568040849883176,3.205307e+08,on_nucleation-299
400,..........+..........,0.0,3.134882e+06,off_nucleation-0
401,(.........+.......)..,-0.23568040849883176,3.205307e+08,off_nucleation-23
402,..........+..........,0.0,3.134882e+06,off_nucleation-8
403,........(.+...)......,-0.4881872600222883,2.095948e+08,off_nucleation-106
404,..........+..........,0.0,2.507905e+06,on_nucleation-19
405,.........(+).........,-0.23568040849883176,3.205307e+08,on_nucleation-299
406,..........+..........,0.0,2.507905e+06,on_nucleation-11
407,.(........+........).,-0.23568040849883176,3.205307e+08,on_nucleation-140
408,..........+..........,0.0,3.134882e+06,off_nucleation-2
409,.....(....+..).......,-0.23568040849883176,3.205307e+08,off_nucleation-51
410,..........+..........,0.0,2.507905e+06,on_nucleation-10
411,(.........+.........),-0.23568040849883176,3.205307e+08,on_nucleation-113
412,..........+..........,0.0,3.134882e+06,off_nucleation-1
413,....(.....+...)......,-0.4881872600222883,2.095948e+08,off_nucleation-37
414,..........+..........,0.0,2.507905e+06,on_nucleation-11
415,.(........+........).,-0.23568040849883176,3.205307e+08,on_nucleation-140
416,..........+..........,0.0,2.507905e+06,on_nucleation-18
417,........(.+.)........,-0.4881872600222883,2.095948e+08,on_nucleation-294
418,..........+..........,0.0,3.134882e+06,off_nucleation-6
419,......(...+.....)....,-0.4881872600222883,2.095948e+08,off_nucleation-82
420,..........+..........,0.0,3.134882e+06,off_nucleation-1
421,....(.....+...)......,-0.4881872600222883,2.095948e+08,off_nucleation-37
422,..........+..........,0.0,3.134882e+06,off_nucleation-7
423,.......(..+....).....,-0.23568040849883176,3.205307e+08,off_nucleation-96
424,..........+..........,0.0,3.134882e+06,off_nucleation-1
425,....(.....+...)......,-0.4881872600222883,2.095948e+08,off_nucleation-37
426,..........+..........,0.0,3.134882e+06,off_nucleation-9
427,.........(+..).......,-0.23568040849883176,3.205307e+08,off_nucleation-111
428,..........+..........,0.0,3.134882e+06,off_nucleation-2
429,.....(....+..).......,-0.23568040849883176,3.205307e+08,off_nucleation-51
430,..........+..........,0.0,3.134882e+06,off_nucleation-3
431,......(...+.)........,-0.4881872600222883,2.095948e+08,off_nucleation-61
432,..........+..........,0.0,2.507905e+06,on_nucleation-16
433,......(...+...)......,-0.4881872600222883,2.095948e+08,on_nucleation-270
434,..........+..........,0.0,2.507905e+06,on_nucleation-17
435,.......(..+..).......,-0.23568040849883176,3.205307e+08,on_nucleation-284
436,..........+..........,0.0,3.134882e+06,off_nucleation-1
437,....(.....+...)......,-0.4881872600222883,2.095948e+08,off_nucleation-37
438,..........+..........,0.0,2.507905e+06,on_nucleation-10
439,(.........+.........),-0.23568040849883176,3.205307e+08,on_nucleation-113
440,..........+..........,0.0,3.134882e+06,off_nucleation-3
441,......(...+.)........,-0.4881872600222883,2.095948e+08,off_nucleation-61
442,..........+..........,0.0,2.507905e+06,on_nucleation-13
443,...(......+......)...,-0.4881872600222883,2.095948e+08,on_nucleation-204
444,..........+..........,0.0,3.134882e+06,off_nucleation-1
445,....(.....+...)......,-0.4881872600222883,2.095948e+08,off_nucleation-37
446,..........+..........,0.0,3.134882e+06,off_nucleation-4
447,.......(..+).........,-0.23568040849883176,3.205307e+08,off_nucleation-66
448,..........+..........,0.0,2.507905e+06,on_nucleation-12
449,..(.......+.......)..,-0.23568040849883176,3.205307e+08,on_nucleation-174
450,..........+..........,0.0,2.507905e+06,on_nucleation-12
451,..(.......+.......)..,-0.23568040849883176,3.205307e+08,on_nucleation-174
452,..........+..........,0.0,2.507905e+06,on_nucleation-16
453,......(...+...)......,-0.4881872600222883,2.095948e+08,on_nucleation-270
454,..........+..........,0.0,2.507905e+06,on_nucleation-13
455,...(......+......)...,-0.4881872600222883,2.095948e+08,on_nucleation-204
456,..........+..........,0.0,3.134882e+06,off_nucleation-8
457,........(.+...)......,-0.4881872600222883,2.095948e+08,off_nucleation-106
458,..........+..........,0.0,3.134882e+06,off_nucleation-1
459,....(.....+...)......,-0.4881872600222883,2.095948e+08,off_nucleation-37
460,..........+..........,0.0,2.507905e+06,on_nucleation-11
461,.(........+........).,-0.23568040849883176,3.205307e+08,on_nucleation-140
462,..........+..........,0.0,3.134882e+06,off_nucleation-9
463,.........(+..).......,-0.23568040849883176,3.205307e+08,off_nucleation-111
464,..........+..........,0.0,3.134882e+06,off_nucleation-4
465,.......(..+).........,-0.23568040849883176,3.205307e+08,off_nucleation-66
466,..........+..........,0.0,2.507905e+06,on_nucleation-14
467,....(.....+.....)....,-0.4881872600222883,2.095948e+08,on_nucleation-230
468,..........+..........,0.0,3.134882e+06,off_nucleation-5
469,..(.......+.........),-0.23568040849883176,3.205307e+08,off_nucleation-68
470,..........+..........,0.0,2.507905e+06,on_nucleation-11
471,.(........+........).,-0.23568040849883176,3.205307e+08,on_nucleation-140
472,..........+..........,0.0,2.507905e+06,on_nucleation-19
473,.........(+).........,-0.23568040849883176,3.205307e+08,on_nucleation-299
474,..........+..........,0.0,2.507905e+06,on_nucleation-19
475,.........(+).........,-0.23568040849883176,3.205307e+08,on_nucleation-299
476,..........+..........,0.0,2.507905e+06,on_nucleation-15
477,.....(....+....).....,-0.23568040849883176,3.205307e+08,on_nucleation-252
478,..........+..........,0.0,2.507905e+06,on_nucleation-12
479,..(.......+.......)..,-0.23568040849883176,3.205307e+08,on_nucleation-174
480,..........+..........,0.0,3.134882e+06,off_nucleation-7
481,.......(..+....).....,-0.23568040849883176,3.205307e+08,off_nucleation-96
482,..........+..........,0.0,3.134882e+06,off_nucleation-5
483,..(.......+.........),-0.23568040849883176,3.205307e+08,off_nucleation-68
484,..........+..........,0.0,2.507905e+06,on_nucleation-17
485,.......(..+..).......,-0.23568040849883176,3.205307e+08,on_nucleation-284
486,..........+..........,0.0,2.507905e+06,on_nucleation-13
487,...(......+......)...,-0.4881872600222883,2.095948e+08,on_nucleation-204
488,..........+..........,0.0,2.507905e+06,on_nucleation-15
489,.....(....+....).....,-0.23568040849883176,3.205307e+08,on_nucleation-252
490,..........+..........,0.0,2.507905e+06,on_nucleation-13
491,...(......+......)...,-0.4881872600222883,2.095948e+08,on_nucleation-204
492,..........+..........,0.0,3.134882e+06,off_nucleation-5
493,..(.......+.........),-0.23568040849883176,3.205307e+08,off_nucleation-68
494,..........+..........,0.0,3.134882e+06,off_nucleation-5
495,..(.......+.........),-0.23568040849883176,3.205307e+08,off_nucleation-68
496,..........+..........,0.0,3.134882e+06,off_nucleation-4
497,.......(..+).........,-0.23568040849883176,3.205307e+08,off_nucleation-66
498,..........+..........,0.0,2.507905e+06,on_nucleation-14
499,....(.....+.....)....,-0.4881872600222883,2.095948e+08,on_nucleation-230
500,..........+..........,0.0,3.134882e+06,off_nucleation-6
501,......(...+.....)....,-0.4881872600222883,2.095948e+08,off_nucleation-82
502,..........+..........,0.0,2.507905e+06,on_nucleation-15
503,.....(....+....).....,-0.23568040849883176,3.205307e+08,on_nucleation-252
504,..........+..........,0.0,2.507905e+06,on_nucleation-10
505,(.........+.........),-0.23568040849883176,3.205307e+08,on_nucleation-113
506,..........+..........,0.0,3.134882e+06,off_nucleation-2
507,.....(....+..).......,-0.23568040849883176,3.205307e+08,off_nucleation-51
508,..........+..........,0.0,3.134882e+06,off_nucleation-0
509,(.........+.......)..,-0.23568040849883176,3.205307e+08,off_nucleation-23
510,..........+..........,0.0,3.134882e+06,off_nucleation-4
511,.......(..+).........,-0.23568040849883176,3.205307e+08,off_nucleation-66
512,..........+..........,0.0,2.507905e+06,on_nucleation-17
513,.......(..+..).......,-0.23568040849883176,3.205307e+08,on_nucleation-284
514,..........+..........,0.0,3.134882e+06,off_nucleation-7
515,.......(..+....).....,-0.23568040849883176,3.205307e+08,off_nucleation-96
516,..........+..........,0.0,3.134882e+06,off_nucleation-2
517,.....(....+..).......,-0.23568040849883176,3.205307e+08,off_nucleation-51
518,..........+..........,0.0,3.134882e+06,off_nucleation-6
519,......(...+.....)....,-0.4881872600222883,2.095948e+08,off_nucleation-82
520,..........+..........,0.0,2.507905e+06,on_nucleation-13
521,...(......+......)...,-0.4881872600222883,2.095948e+08,on_nucleation-204
522,..........+..........,0.0,3.134882e+06,off_nucleation-7
523,.......(..+....).....,-0.23568040849883176,3.205307e+08,off_nucleation-96
524,..........+..........,0.0,2.507905e+06,on_nucleation-18
525,........(.+.)........,-0.4881872600222883,2.095948e+08,on_nucleation-294
526,..........+..........,0.0,2.507905e+06,on_nucleation-19
527,.........(+).........,-0.23568040849883176,3.205307e+08,on_nucleation-299
528,..........+..........,0.0,2.507905e+06,on_nucleation-10
529,(.........+.........),-0.23568040849883176,3.205307e+08,on_nucleation-113
530,..........+..........,0.0,3.134882e+06,off_nucleation-4
531,.......(..+).........,-0.23568040849883176,3.205307e+08,off_nucleation-66
532,..........+..........,0.0,2.507905e+06,on_nucleation-12
533,..(.......+.......)..,-0.23568040849883176,3.205307e+08,on_nucleation-174
534,..........+..........,0.0,3.134882e+06,off_nucleation-1
535,....(.....+...)......,-0.4881872600222883,2.095948e+08,off_nucleation-37
536,..........+..........,0.0,2.507905e+06,on_nucleation-15
537,.....(....+....).....,-0.23568040849883176,3.205307e+08,on_nucleation-252
538,..........+..........,0.0,3.134882e+06,off_nucleation-5
539,..(.......+.........),-0.23568040849883176,3.205307e+08,off_nucleation-68
540,..........+..........,0.0,3.134882e+06,off_nucleation-5
541,..(.......+.........),-0.23568040849883176,3.205307e+08,off_nucleation-68
542,..........+..........,0.0,2.507905e+06,on_nucleation-13
543,...(......+......)...,-0.4881872600222883,2.095948e+08,on_nucleation-204
544,..........+..........,0.0,2.507905e+06,on_nucleation-11
545,.(........+........).,-0.23568040849883176,3.205307e+08,on_nucleation-140
546,..........+..........,0.0,3.134882e+06,off_nucleation-8
547,........(.+...)......,-0.4881872600222883,2.095948e+08,off_nucleation-106
548,..........+..........,0.0,2.507905e+06,on_nucleation-12
549,..(.......+.......)..,-0.23568040849883176,3.205307e+08,on_nucleation-174
550,..........+..........,0.0,2.507905e+06,on_nucleation-11
551,.(........+........).,-0.23568040849883176,3.205307e+08,on_nucleation-140
552,..........+..........,0.0,2.507905e+06,on_nucleation-16
553,......(...+...)......,-0.4881872600222883,2.095948e+08,on_nucleation-270
554,..........+..........,0.0,3.134882e+06,off_nucleation-2
555,.....(....+..).......,-0.23568040849883176,3.205307e+08,off_nucleation-51
556,..........+..........,0.0,2.507905e+06,on_nucleation-16
557,......(...+...)......,-0.4881872600222883,2.095948e+08,on_nucleation-270
558,..........+..........,0.0,3.134882e+06,off_nucleation-1
559,....(.....+...)......,-0.4881872600222883,2.095948e+08,off_nucleation-37
560,..........+..........,0.0,3.134882e+06,off_nucleation-6
561,......(...+.....)....,-0.4881872600222883,2.095948e+08,off_nucleation-82
562,..........+..........,0.0,3.134882e+06,off_nucleation-5
563,..(.......+.........),-0.23568040849883176,3.205307e+08,off_nucleation-68
564,..........+..........,0.0,3.134882e+06,off_nucleation-8
565,........(.+...)......,-0.4881872600222883,2.095948e+08,off_nucleation-106
566,..........+..........,0.0,3.134882e+06,off_nucleation-6
567,......(...+.....)....,-0.4881872600222883,2.095948e+08,off_nucleation-82
568,..........+..........,0.0,2.507905e+06,on_nucleation-11
569,.(........+........).,-0.23568040849883176,3.205307e+08,on_nucleation-140
570,..........+..........,0.0,3.134882e+06,off_nucleation-9
571,.........(+..).......,-0.23568040849883176,3.205307e+08,off_nucleation-111
572,..........+..........,0.0,3.134882e+06,off_nucleation-1
573,....(.....+...)......,-0.4881872600222883,2.095948e+08,off_nucleation-37
574,..........+..........,0.0,2.507905e+06,on_nucleation-11
575,.(........+........).,-0.23568040849883176,3.205307e+08,on_nucleation-140
576,..........+..........,0.0,3.134882e+06,off_nucleation-0
577,(.........+.......)..,-0.23568040849883176,3.205307e+08,off_nucleation-23
578,..........+..........,0.0,3.134882e+06,off_nucleation-7
579,.......(..+....).....,-0.23568040849883176,3.205307e+08,off_nucleation-96
580,..........+..........,0.0,2.507905e+06,on_nucleation-15
581,.....(....+....).....,-0.23568040849883176,3.205307e+08,on_nucleation-252
582,..........+..........,0.0,3.134882e+06,off_nucleation-8
583,........(.+...)......,-0.4881872600222883,2.095948e+08,off_nucleation-106
584,..........+..........,0.0,3.134882e+06,off_nucleation-0
585,(.........+.......)..,-0.23568040849883176,3.205307e+08,off_nucleation-23
586,..........+..........,0.0,3.134882e+06,off_nucleation-7
587,.......(..+....).....,-0.23568040849883176,3.205307e+08,off_nucleation-96
588,..........+..........,0.0,2.507905e+06,on_nucleation-18
589,........(.+.)........,-0.4881872600222883,2.095948e+08,on_nucleation-294
590,..........+..........,0.0,2.507905e+06,on_nucleation-13
591,...(......+......)...,-0.4881872600222883,2.095948e+08,on_nucleation-204
592,..........+..........,0.0,2.507905e+06,on_nucleation-15
593,.....(....+....).....,-0.23568040849883176,3.205307e+08,on_nucleation-252
594,..........+..........,0.0,3.134882e+06,off_nucleation-5
595,..(.......+.........),-0.23568040849883176,3.205307e+08,off_nucleation-68
596,..........+..........,0.0,3.134882e+06,off_nucleation-8
597,........(.+...)......,-0.4881872600222883,2.095948e+08,off_nucleation-106
598,..........+..........,0.0,2.507905e+06,on_nucleation-16
599,......(...+...)......,-0.4881872600222883,2.095948e+08,on_nucleation-270
600,..........+..........,0.0,3.134882e+06,off_nucleation-9
601,.........(+..).......,-0.23568040849883176,3.205307e+08,off_nucleation-111
602,..........+..........,0.0,2.507905e+06,on_nucleation-15
603,.....(....+....).....,-0.23568040849883176,3.205307e+08,on_nucleation-252
604,..........+..........,0.0,3.134882e+06,off_nucleation-6
605,......(...+.....)....,-0.4881872600222883,2.095948e+08,off_nucleation-82
606,..........+..........,0.0,2.507905e+06,on_nucleation-13
607,...(......+......)...,-0.4881872600222883,2.095948e+08,on_nucleation-204
608,..........+..........,0.0,3.134882e+06,off_nucleation-0
609,(.........+.......)..,-0.23568040849883176,3.205307e+08,off_nucleation-23
610,..........+..........,0.0,2.507905e+06,on_nucleation-16
611,......(...+...)......,-0.4881872600222883,2.095948e+08,on_nucleation-270
612,..........+..........,0.0,3.134882e+06,off_nucleation-6
613,......(...+.....)....,-0.4881872600222883,2.095948e+08,off_nucleation-82
614,..........+..........,0.0,3.134882e+06,off_nucleation-1
615,....(.....+...)......,-0.4881872600222883,2.095948e+08,off_nucleation-37
616,..........+..........,0.0,2.507905e+06,on_nucleation-10
617,(.........+.........),-0.23568040849883176,3.205307e+08,on_nucleation-113
618,..........+..........,0.0,3.134882e+06,off_nucleation-4
619,.......(..+).........,-0.23568040849883176,3.205307e+08,off_nucleation-66
620,..........+..........,0.0,2.507905e+06,on_nucleation-13
621,...(......+......)...,-0.4881872600222883,2.095948e+08,on_nucleation-204
622,..........+..........,0.0,2.507905e+06,on_nucleation-10
623,(.........+.........),-0.23568040849883176,3.205307e+08,on_nucleation-113
624,..........+..........,0.0,2.507905e+06,on_nucleation-18
625,........(.+.)........,-0.4881872600222883,2.095948e+08,on_nucleation-294
626,..........+..........,0.0,2.507905e+06,on_nucleation-12
627,..(.......+.......)..,-0.23568040849883176,3.205307e+08,on_nucleation-174
628,..........+..........,0.0,3.134882e+06,off_nucleation-6
629,......(...+.....)....,-0.4881872600222883,2.095948e+08,off_nucleation-82
630,..........+..........,0.0,3.134882e+06,off_nucleation-0
631,(.........+.......)..,-0.23568040849883176,3.205307e+08,off_nucleation-23
632,..........+..........,0.0,3.134882e+06,off_nucleation-0
633,(.........+.......)..,-0.23568040849883176,3.205307e+08,off_nucleation-23
634,..........+..........,0.0,2.507905e+06,on_nucleation-11
635,.(........+........).,-0.23568040849883176,3.205307e+08,on_nucleation-140
636,..........+..........,0.0,3.134882e+06,off_nucleation-1
637,....(.....+...)......,-0.4881872600222883,2.095948e+08,off_nucleation-37
638,..........+..........,0.0,3.134882e+06,off_nucleation-0
639,(.........+.......)..,-0.23568040849883176,3.205307e+08,off_nucleation-23
640,..........+..........,0.0,3.134882e+06,off_nucleation-8
641,........(.+...)......,-0.4881872600222883,2.095948e+08,off_nucleation-106
642,..........+..........,0.0,3.134882e+06,off_nucleation-4
643,.......(..+).........,-0.23568040849883176,3.205307e+08,off_nucleation-66
644,..........+..........,0.0,2.507905e+06,on_nucleation-18
645,........(.+.)........,-0.4881872600222883,2.095948e+08,on_nucleation-294
646,..........+..........,0.0,3.134882e+06,off_nucleation-4
647,.......(..+).........,-0.23568040849883176,3.205307e+08,off_nucleation-66
648,..........+..........,0.0,3.134882e+06,off_nucleation-8
649,........(.+...)......,-0.4881872600222883,2.095948e+08,off_nucleation-106
650,..........+..........,0.0,3.134882e+06,off_nucleation-2
651,.....(....+..).......,-0.23568040849883176,3.205307e+08,off_nucleation-51
652,..........+..........,0.0,3.134882e+06,off_nucleation-9
653,.........(+..).......,-0.23568040849883176,3.205307e+08,off_nucleation-111
654,..........+..........,0.0,3.134882e+06,off_nucleation-1
655,....(.....+...)......,-0.4881872600222883,2.095948e+08,off_nucleation-37
656,..........+..........,0.0,2.507905e+06,on_nucleation-13
657,...(......+......)...,-0.4881872600222883,2.095948e+08,on_nucleation-204
658,..........+..........,0.0,2.507905e+06,on_nucleation-16
659,......(...+...)......,-0.4881872600222883,2.095948e+08,on_nucleation-270
660,..........+..........,0.0,2.507905e+06,on_nucleation-16
661,......(...+...)......,-0.4881872600222883,2.095948e+08,on_nucleation-270
662,..........+..........,0.0,3.134882e+06,off_nucleation-5
663,..(.......+.........),-0.23568040849883176,3.205307e+08,off_nucleation-68
664,..........+..........,0.0,3.134882e+06,off_nucleation-0
665,(.........+.......)..,-0.23568040849883176,3.205307e+08,off_nucleation-23
666,..........+..........,0.0,2.507905e+06,on_nucleation-17
667,.......(..+..).......,-0.23568040849883176,3.205307e+08,on_nucleation-284
668,..........+..........,0.0,3.134882e+06,off_nucleation-7
669,.......(..+....).....,-0.23568040849883176,3.205307e+08,off_nucleation-96
670,..........+..........,0.0,2.507905e+06,on_nucleation-16
671,......(...+...)......,-0.4881872600222883,2.095948e+08,on_nucleation-270
672,..........+..........,0.0,2.507905e+06,on_nucleation-11
673,.(........+........).,-0.23568040849883176,3.205307e+08,on_nucleation-140
674,..........+..........,0.0,2.507905e+06,on_nucleation-15
675,.....(....+....).....,-0.23568040849883176,3.205307e+08,on_nucleation-252
676,..........+..........,0.0,2.507905e+06,on_nucleation-14
677,....(.....+.....)....,-0.4881872600222883,2.095948e+08,on_nucleation-230
678,..........+..........,0.0,2.507905e+06,on_nucleation-10
679,(.........+.........),-0.23568040849883176,3.205307e+08,on_nucleation-113
680,..........+..........,0.0,3.134882e+06,off_nucleation-7
681,.......(..+....).....,-0.23568040849883176,3.205307e+08,off_nucleation-96
682,..........+..........,0.0,3.134882e+06,off_nucleation-1
683,....(.....+...)......,-0.4881872600222883,2.095948e+08,off_nucleation-37
684,..........+..........,0.0,3.134882e+06,off_nucleation-0
685,(.........+.......)..,-0.23568040849883176,3.205307e+08,off_nucleation-23
686,..........+..........,0.0,2.507905e+06,on_nucleation-10
687,(.........+.........),-0.23568040849883176,3.205307e+08,on_nucleation-113
688,..........+..........,0.0,2.507905e+06,on_nucleation-16
689,......(...+...)......,-0.4881872600222883,2.095948e+08,on_nucleation-270
690,..........+..........,0.0,2.507905e+06,on_nucleation-19
691,.........(+).........,-0.23568040849883176,3.205307e+08,on_nucleation-299
692,..........+..........,0.0,2.507905e+06,on_nucleation-16
693,......(...+...)......,-0.4881872600222883,2.095948e+08,on_nucleation-270
694,..........+..........,0.0,3.134882e+06,off_nucleation-3
695,......(...+.)........,-0.4881872600222883,2.095948e+08,off_nucleation-61
696,..........+..........,0.0,2.507905e+06,on_nucleation-15
697,.....(....+....).....,-0.23568040849883176,3.205307e+08,on_nucleation-252
698,..........+..........,0.0,2.507905e+06,on_nucleation-15
699,.....(....+....).....,-0.23568040849883176,3.205307e+08,on_nucleation-252
700,..........+..........,0.0,3.134882e+06,off_nucleation-7
701,.......(..+....).....,-0.23568040849883176,3.205307e+08,off_nucleation-96
702,..........+..........,0.0,2.507905e+06,on_nucleation-12
703,..(.......+.......)..,-0.23568040849883176,3.205307e+08,on_nucleation-174
704,..........+..........,0.0,3.134882e+06,off_nucleation-3
705,......(...+.)........,-0.4881872600222883,2.095948e+08,off_nucleation-61
706,..........+..........,0.0,2.507905e+06,on_nucleation-19
707,.........(+).........,-0.23568040849883176,3.205307e+08,on_nucleation-299
708,..........+..........,0.0,2.507905e+06,on_nucleation-15
709,.....(....+....).....,-0.23568040849883176,3.205307e+08,on_nucleation-252
710,..........+..........,0.0,2.507905e+06,on_nucleation-17
711,.......(..+..).......,-0.23568040849883176,3.205307e+08,on_nucleation-284
712,..........+..........,0.0,3.134882e+06,off_nucleation-0
713,(.........+.......)..,-0.23568040849883176,3.205307e+08,off_nucleation-23
714,..........+..........,0.0,3.134882e+06,off_nucleation-6
715,......(...+.....)....,-0.4881872600222883,2.095948e+08,off_nucleation-82
716,..........+..........,0.0,2.507905e+06,on_nucleation-10
717,(.........+.........),-0.23568040849883176,3.205307e+08,on_nucleation-113
718,..........+..........,0.0,2.507905e+06,on_nucleation-19
719,.........(+).........,-0.23568040849883176,3.205307e+08,on_nucleation-299
720,..........+..........,0.0,2.507905e+06,on_nucleation-10
721,(.........+.........),-0.23568040849883176,3.205307e+08,on_nucleation-113
722,..........+..........,0.0,3.134882e+06,off_nucleation-8
723,........(.+...)......,-0.4881872600222883,2.095948e+08,off_nucleation-106
724,..........+..........,0.0,2.507905e+06,on_nucleation-17
725,.......(..+..).......,-0.23568040849883176,3.205307e+08,on_nucleation-284
726,..........+..........,0.0,2.507905e+06,on_nucleation-16
727,......(...+...)......,-0.4881872600222883,2.095948e+08,on_nucleation-270
728,..........+..........,0.0,2.507905e+06,on_nucleation-13
729,...(......+......)...,-0.4881872600222883,2.095948e+08,on_nucleation-204
730,..........+..........,0.0,2.507905e+06,on_nucleation-14
731,....(.....+.....)....,-0.4881872600222883,2.095948e+08,on_nucleation-230
732,..........+..........,0.0,2.507905e+06,on_nucleation-12
733,..(.......+.......)..,-0.23568040849883176,3.205307e+08,on_nucleation-174
734,..........+..........,0.0,3.134882e+06,off_nucleation-4
735,.......(..+).........,-0.23568040849883176,3.205307e+08,off_nucleation-66
736,..........+..........,0.0,2.507905e+06,on_nucleation-16
737,......(...+...)......,-0.4881872600222883,2.095948e+08,on_nucleation-270
738,..........+..........,0.0,2.507905e+06,on_nucleation-14
739,....(.....+.....)....,-0.4881872600222883,2.095948e+08,on_nucleation-230
740,..........+..........,0.0,3.134882e+06,off_nucleation-3
741,......(...+.)........,-0.4881872600222883,2.095948e+08,off_nucleation-61
742,..........+..........,0.0,2.507905e+06,on_nucleation-19
743,.........(+).........,-0.23568040849883176,3.205307e+08,on_nucleation-299
744,..........+..........,0.0,2.507905e+06,on_nucleation-15
745,.....(....+....).....,-0.23568040849883176,3.205307e+08,on_nucleation-252
746,..........+..........,0.0,2.507905e+06,on_nucleation-13
747,...(......+......)...,-0.4881872600222883,2.095948e+08,on_nucleation-204
748,..........+..........,0.0,3.134882e+06,off_nucleation-8
749,........(.+...)......,-0.4881872600222883,2.095948e+08,off_nucleation-106
750,..........+..........,0.0,2.507905e+06,on_nucleation-11
751,.(........+........).,-0.23568040849883176,3.205307e+08,on_nucleation-140
752,..........+..........,0.0,3.134882e+06,off_nucleation-3
753,......(...+.)........,-0.4881872600222883,2.095948e+08,off_nucleation-61
754,..........+..........,0.0,3.134882e+06,off_nucleation-8
755,........(.+...)......,-0.4881872600222883,2.095948e+08,off_nucleation-106
756,..........+..........,0.0,3.134882e+06,off_nucleation-8
757,........(.+...)......,-0.4881872600222883,2.095948e+08,off_nucleation-106
758,..........+..........,0.0,2.507905e+06,on_nucleation-13
759,...(......+......)...,-0.4881872600222883,2.095948e+08,on_nucleation-204
760,..........+..........,0.0,3.134882e+06,off_nucleation-0
761,(.........+.......)..,-0.23568040849883176,3.205307e+08,off_nucleation-23
762,..........+..........,0.0,3.134882e+06,off_nucleation-4
763,.......(..+).........,-0.23568040849883176,3.205307e+08,off_nucleation-66
764,..........+..........,0.0,2.507905e+06,on_nucleation-13
765,...(......+......)...,-0.4881872600222883,2.095948e+08,on_nucleation-204
766,..........+..........,0.0,2.507905e+06,on_nucleation-19
767,.........(+).........,-0.23568040849883176,3.205307e+08,on_nucleation-299
768,..........+..........,0.0,3.134882e+06,off_nucleation-6
769,......(...+.....)....,-0.4881872600222883,2.095948e+08,off_nucleation-82
770,..........+..........,0.0,3.134882e+06,off_nucleation-9
771,.........(+..).......,-0.23568040849883176,3.205307e+08,off_nucleation-111
772,..........+..........,0.0,2.507905e+06,on_nucleation-13
773,...(......+......)...,-0.4881872600222883,2.095948e+08,on_nucleation-204
774,..........+..........,0.0,2.507905e+06,on_nucleation-18
775,........(.+.)........,-0.4881872600222883,2.095948e+08,on_nucleation-294
776,..........+..........,0.0,3.134882e+06,off_nucleation-0
777,(.........+.......)..,-0.23568040849883176,3.205307e+08,off_nucleation-23
778,..........+..........,0.0,2.507905e+06,on_nucleation-12
779,..(.......+.......)..,-0.23568040849883176,3.205307e+08,on_nucleation-174
780,..........+..........,0.0,3.134882e+06,off_nucleation-6
781,......(...+.....)....,-0.4881872600222883,2.095948e+08,off_nucleation-82
782,..........+..........,0.0,3.134882e+06,off_nucleation-7
783,.......(..+....).....,-0.23568040849883176,3.205307e+08,off_nucleation-96
784,..........+..........,0.0,3.134882e+06,off_nucleation-2
785,.....(....+..).......,-0.23568040849883176,3.205307e+08,off_nucleation-51
786,..........+..........,0.0,2.507905e+06,on_nucleation-12
787,..(.......+.......)..,-0.23568040849883176,3.205307e+08,on_nucleation-174
788,..........+..........,0.0,2.507905e+06,on_nucleation-17
789,.......(..+..).......,-0.23568040849883176,3.205307e+08,on_nucleation-284
790,..........+..........,0.0,2.507905e+06,on_nucleation-10
791,(.........+.........),-0.23568040849883176,3.205307e+08,on_nucleation-113
792,..........+..........,0.0,3.134882e+06,off_nucleation-7
793,.......(..+....).....,-0.23568040849883176,3.205307e+08,off_nucleation-96
794,..........+..........,0.0,2.507905e+06,on_nucleation-10
795,(.........+.........),-0.23568040849883176,3.205307e+08,on_nucleation-113
796,..........+..........,0.0,3.134882e+06,off_nucleation-9
797,.........(+..).......,-0.23568040849883176,3.205307e+08,off_nucleation-111
798,..........+..........,0.0,3.134882e+06,off_nucleation-3
799,......(...+.)........,-0.4881872600222883,2.095948e+08,off_nucleation-61
800,..........+..........,0.0,2.507905e+06,on_nucleation-10
801,(.........+.........),-0.23568040849883176,3.205307e+08,on_nucleation-113
802,..........+..........,0.0,2.507905e+06,on_nucleation-14
803,....(.....+.....)....,-0.4881872600222883,2.095948e+08,on_nucleation-230
804,..........+..........,0.0,2.507905e+06,on_nucleation-11
805,.(........+........).,-0.23568040849883176,3.205307e+08,on_nucleation-140
806,..........+..........,0.0,3.134882e+06,off_nucleation-1
807,....(.....+...)......,-0.4881872600222883,2.095948e+08,off_nucleation-37
808,..........+..........,0.0,2.507905e+06,on_nucleation-16
809,......(...+...)......,-0.4881872600222883,2.095948e+08,on_nucleation-270
810,..........+..........,0.0,3.134882e+06,off_nucleation-1
811,....(.....+...)......,-0.4881872600222883,2.095948e+08,off_nucleation-37
812,..........+..........,0.0,3.134882e+06,off_nucleation-1
813,....(.....+...)......,-0.4881872600222883,2.095948e+08,off_nucleation-37
814,..........+..........,0.0,2.507905e+06,on_nucleation-19
815,.........(+).........,-0.23568040849883176,3.205307e+08,on_nucleation-299
816,..........+..........,0.0,3.134882e+06,off_nucleation-2
817,.....(....+..).......,-0.23568040849883176,3.205307e+08,off_nucleation-51
818,..........+..........,0.0,3.134882e+06,off_nucleation-3
819,......(...+.)........,-0.4881872600222883,2.095948e+08,off_nucleation-61
820,..........+..........,0.0,3.134882e+06,off_nucleation-1
821,....(.....+...)......,-0.4881872600222883,2.095948e+08,off_nucleation-37
822,..........+..........,0.0,3.134882e+06,off_nucleation-9
823,.........(+..).......,-0.23568040849883176,3.205307e+08,off_nucleation-111
824,..........+..........,0.0,2.507905e+06,on_nucleation-11
825,.(........+........).,-0.23568040849883176,3.205307e+08,on_nucleation-140
826,..........+..........,0.0,2.507905e+06,on_nucleation-18
827,........(.+.)........,-0.4881872600222883,2.095948e+08,on_nucleation-294
828,..........+..........,0.0,3.134882e+06,off_nucleation-5
829,..(.......+.........),-0.23568040849883176,3.205307e+08,off_nucleation-68
830,..........+..........,0.0,3.134882e+06,off_nucleation-5
831,..(.......+.........),-0.23568040849883176,3.205307e+08,off_nucleation-68
832,..........+..........,0.0,3.134882e+06,off_nucleation-6
833,......(...+.....)....,-0.4881872600222883,2.095948e+08,off_nucleation-82
834,..........+..........,0.0,2.507905e+06,on_nucleation-17
835,.......(..+..).......,-0.23568040849883176,3.205307e+08,on_nucleation-284
836,..........+..........,0.0,2.507905e+06,on_nucleation-18
837,........(.+.)........,-0.4881872600222883,2.095948e+08,on_nucleation-294
838,..........+..........,0.0,3.134882e+06,off_nucleation-7
839,.......(..+....).....,-0.23568040849883176,3.205307e+08,off_nucleation-96
840,..........+..........,0.0,3.134882e+06,off_nucleation-2
841,.....(....+..).......,-0.23568040849883176,3.205307e+08,off_nucleation-51
842,..........+..........,0.0,2.507905e+06,on_nucleation-17
843,.......(..+..).......,-0.23568040849883176,3.205307e+08,on_nucleation-284
844,..........+..........,0.0,3.134882e+06,off_nucleation-4
845,.......(..+).........,-0.23568040849883176,3.205307e+08,off_nucleation-66
846,..........+..........,0.0,2.507905e+06,on_nucleation-14
847,....(.....+.....)....,-0.4881872600222883,2.095948e+08,on_nucleation-230
848,..........+..........,0.0,2.507905e+06,on_nucleation-11
849,.(........+........).,-0.23568040849883176,3.205307e+08,on_nucleation-140
850,..........+..........,0.0,3.134882e+06,off_nucleation-6
851,......(...+.....)....,-0.4881872600222883,2.095948e+08,off_nucleation-82
852,..........+..........,0.0,2.507905e+06,on_nucleation-16
853,......(...+...)......,-0.4881872600222883,2.095948e+08,on_nucleation-270
854,..........+..........,0.0,2.507905e+06,on_nucleation-15
855,.....(....+....).....,-0.23568040849883176,3.205307e+08,on_nucleation-252
856,..........+..........,0.0,3.134882e+06,off_nucleation-6
857,......(...+.....)....,-0.4881872600222883,2.095948e+08,off_nucleation-82
858,..........+..........,0.0,3.134882e+06,off_nucleation-1
859,....(.....+...)......,-0.4881872600222883,2.095948e+08,off_nucleation-37
860,..........+..........,0.0,3.134882e+06,off_nucleation-7
861,.......(..+....).....,-0.23568040849883176,3.205307e+08,off_nucleation-96
862,..........+..........,0.0,3.134882e+06,off_nucleation-7
863,.......(..+....).....,-0.23568040849883176,3.205307e+08,off_nucleation-96
864,..........+..........,0.0,2.507905e+06,on_nucleation-12
865,..(.......+.......)..,-0.23568040849883176,3.205307e+08,on_nucleation-174
866,..........+..........,0.0,2.507905e+06,on_nucleation-15
867,.....(....+....).....,-0.23568040849883176,3.205307e+08,on_nucleation-252
868,..........+..........,0.0,3.134882e+06,off_nucleation-8
869,........(.+...)......,-0.4881872600222883,2.095948e+08,off_nucleation-106
870,..........+..........,0.0,2.507905e+06,on_nucleation-11
871,.(........+........).,-0.23568040849883176,3.205307e+08,on_nucleation-140
872,..........+..........,0.0,2.507905e+06,on_nucleation-10
873,(.........+.........),-0.23568040849883176,3.205307e+08,on_nucleation-113
874,..........+..........,0.0,2.507905e+06,on_nucleation-18
875,........(.+.)........,-0.4881872600222883,2.095948e+08,on_nucleation-294
876,..........+..........,0.0,2.507905e+06,on_nucleation-19
877,.........(+).........,-0.23568040849883176,3.205307e+08,on_nucleation-299
878,..........+..........,0.0,2.507905e+06,on_nucleation-17
879,.......(..+..).......,-0.23568040849883176,3.205307e+08,on_nucleation-284
880,..........+..........,0.0,2.507905e+06,on_nucleation-13
881,...(......+......)...,-0.4881872600222883,2.095948e+08,on_nucleation-204
882,..........+..........,0.0,2.507905e+06,on_nucleation-16
883,......(...+...)......,-0.4881872600222883,2.095948e+08,on_nucleation-270
884,..........+..........,0.0,3.134882e+06,off_nucleation-5
885,..(.......+.........),-0.23568040849883176,3.205307e+08,off_nucleation-68
886,..........+..........,0.0,3.134882e+06,off_nucleation-6
887,......(...+.....)....,-0.4881872600222883,2.095948e+08,off_nucleation-82
888,..........+..........,0.0,2.507905e+06,on_nucleation-11
889,.(........+........).,-0.23568040849883176,3.205307e+08,on_nucleation-140
890,..........+..........,0.0,3.134882e+06,off_nucleation-0
891,(.........+.......)..,-0.23568040849883176,3.205307e+08,off_nucleation-23
892,..........+..........,0.0,3.134882e+06,off_nucleation-7
893,.......(..+....).....,-0.23568040849883176,3.205307e+08,off_nucleation-96
894,..........+..........,0.0,3.134882e+06,off_nucleation-3
895,......(...+.)........,-0.4881872600222883,2.095948e+08,off_nucleation-61
896,..........+..........,0.0,2.507905e+06,on_nucleation-18
897,........(.+.)........,-0.4881872600222883,2.095948e+08,on_nucleation-294
898,..........+..........,0.0,2.507905e+06,on_nucleation-18
899,........(.+.)........,-0.4881872600222883,2.095948e+08,on_nucleation-294
900,..........+..........,0.0,2.507905e+06,on_nucleation-10
901,(.........+.........),-0.23568040849883176,3.205307e+08,on_nucleation-113
902,..........+..........,0.0,2.507905e+06,on_nucleation-15
903,.....(....+....).....,-0.23568040849883176,3.205307e+08,on_nucleation-252
904,..........+..........,0.0,3.134882e+06,off_nucleation-9
905,.........(+..).......,-0.23568040849883176,3.205307e+08,off_nucleation-111
906,..........+..........,0.0,2.507905e+06,on_nucleation-12
907,..(.......+.......)..,-0.23568040849883176,3.205307e+08,on_nucleation-174
908,..........+..........,0.0,3.134882e+06,off_nucleation-8
909,........(.+...)......,-0.4881872600222883,2.095948e+08,off_nucleation-106
910,..........+..........,0.0,3.134882e+06,off_nucleation-8
911,........(.+...)......,-0.4881872600222883,2.095948e+08,off_nucleation-106
912,..........+..........,0.0,2.507905e+06,on_nucleation-12
913,..(.......+.......)..,-0.23568040849883176,3.205307e+08,on_nucleation-174
914,..........+..........,0.0,2.507905e+06,on_nucleation-10
915,(.........+.........),-0.23568040849883176,3.205307e+08,on_nucleation-113
916,..........+..........,0.0,3.134882e+06,off_nucleation-8
917,........(.+...)......,-0.4881872600222883,2.095948e+08,off_nucleation-106
918,..........+..........,0.0,3.134882e+06,off_nucleation-3
919,......(...+.)........,-0.4881872600222883,2.095948e+08,off_nucleation-61
920,..........+..........,0.0,2.507905e+06,on_nucleation-15
921,.....(....+....).....,-0.23568040849883176,3.205307e+08,on_nucleation-252
922,..........+..........,0.0,3.134882e+06,off_nucleation-7
923,.......(..+....).....,-0.23568040849883176,3.205307e+08,off_nucleation-96
924,..........+..........,0.0,3.134882e+06,off_nucleation-1
925,....(.....+...)......,-0.4881872600222883,2.095948e+08,off_nucleation-37
926,..........+..........,,,
